unit_id,Mean_slope,tract_id
TRACT_00000,0.0,TRACT_00000
TRACT_00001,1.66921,TRACT_00001
TRACT_00002,1.315954,TRACT_00002
TRACT_00003,1.010128,TRACT_00003
TRACT_00004,1.006343,TRACT_00004
TRACT_00005,1.991845,TRACT_00005
TRACT_00006,3.928714,TRACT_00006
TRACT_00007,2.95641,TRACT_00007
TRACT_00008,1.401841,TRACT_00008
TRACT_00009,1.368097,TRACT_00009
TRACT_00010,2.877871,TRACT_00010
TRACT_00011,0.94375,TRACT_00011
TRACT_00012,2.86133,TRACT_00012
TRACT_00013,4.143409,TRACT_00013
TRACT_00014,3.387855,TRACT_00014
TRACT_00015,0.684613,TRACT_00015
TRACT_00016,2.885061,TRACT_00016
TRACT_00017,3.080929,TRACT_00017
TRACT_00018,2.080135,TRACT_00018
TRACT_00019,3.835649,TRACT_00019
TRACT_00020,1.275626,TRACT_00020
TRACT_00021,2.503334,TRACT_00021
TRACT_00022,0.621332,TRACT_00022
TRACT_00023,1.816569,TRACT_00023
TRACT_00024,0.892315,TRACT_00024
TRACT_00025,1.614187,TRACT_00025
TRACT_00026,0.471448,TRACT_00026
TRACT_00027,1.438173,TRACT_00027
TRACT_00028,1.790066,TRACT_00028
TRACT_00029,1.664029,TRACT_00029
TRACT_00030,2.580118,TRACT_00030
TRACT_00031,1.991102,TRACT_00031
TRACT_00032,1.426376,TRACT_00032
TRACT_00033,14.669879,TRACT_00033
TRACT_00034,3.198686,TRACT_00034
TRACT_00035,3.437767,TRACT_00035
TRACT_00036,5.164416,TRACT_00036
TRACT_00037,3.357317,TRACT_00037
TRACT_00038,4.11554,TRACT_00038
TRACT_00039,3.378701,TRACT_00039
TRACT_00040,3.438469,TRACT_00040
TRACT_00041,3.983103,TRACT_00041
TRACT_00042,1.499362,TRACT_00042
TRACT_00043,3.249189,TRACT_00043
TRACT_00044,2.850025,TRACT_00044
TRACT_00045,0.4445,TRACT_00045
TRACT_00046,1.951291,TRACT_00046
TRACT_00047,1.962413,TRACT_00047
TRACT_00048,2.786781,TRACT_00048
TRACT_00049,1.238841,TRACT_00049
TRACT_00050,2.092045,TRACT_00050
TRACT_00051,1.491561,TRACT_00051
TRACT_00052,3.675529,TRACT_00052
TRACT_00053,1.729114,TRACT_00053
TRACT_00054,2.201038,TRACT_00054
TRACT_00055,1.731565,TRACT_00055
TRACT_00056,1.939907,TRACT_00056
TRACT_00057,2.555082,TRACT_00057
TRACT_00058,1.705992,TRACT_00058
TRACT_00059,2.020068,TRACT_00059
TRACT_00060,3.125901,TRACT_00060
TRACT_00061,2.902043,TRACT_00061
TRACT_00062,3.366423,TRACT_00062
TRACT_00063,2.805157,TRACT_00063
TRACT_00064,2.649047,TRACT_00064
TRACT_00065,4.719542,TRACT_00065
TRACT_00066,1.924229,TRACT_00066
TRACT_00067,2.252276,TRACT_00067
TRACT_00068,2.809397,TRACT_00068
TRACT_00069,2.907845,TRACT_00069
TRACT_00070,5.198235,TRACT_00070
TRACT_00071,3.632957,TRACT_00071
TRACT_00072,0.414919,TRACT_00072
TRACT_00073,2.698397,TRACT_00073
TRACT_00074,2.515505,TRACT_00074
TRACT_00075,3.997082,TRACT_00075
TRACT_00076,4.176471,TRACT_00076
TRACT_00077,3.862893,TRACT_00077
TRACT_00078,4.057927,TRACT_00078
TRACT_00079,3.261832,TRACT_00079
TRACT_00080,5.345303,TRACT_00080
TRACT_00081,1.670241,TRACT_00081
TRACT_00082,3.229168,TRACT_00082
TRACT_00083,2.06279,TRACT_00083
TRACT_00084,2.867758,TRACT_00084
TRACT_00085,2.469701,TRACT_00085
TRACT_00086,1.518417,TRACT_00086
TRACT_00087,2.922361,TRACT_00087
TRACT_00088,1.015776,TRACT_00088
TRACT_00089,1.633383,TRACT_00089
TRACT_00090,5.032094,TRACT_00090
TRACT_00091,5.179928,TRACT_00091
TRACT_00092,3.127488,TRACT_00092
TRACT_00093,2.693276,TRACT_00093
TRACT_00094,3.916742,TRACT_00094
TRACT_00095,2.345276,TRACT_00095
TRACT_00096,3.415495,TRACT_00096
TRACT_00097,2.901411,TRACT_00097
TRACT_00098,4.053505,TRACT_00098
TRACT_00099,2.249911,TRACT_00099
TRACT_00100,3.090408,TRACT_00100
TRACT_00101,1.229379,TRACT_00101
TRACT_00102,5.700929,TRACT_00102
TRACT_00103,2.200915,TRACT_00103
TRACT_00104,2.776321,TRACT_00104
TRACT_00105,2.812756,TRACT_00105
TRACT_00106,3.828467,TRACT_00106
TRACT_00107,2.681715,TRACT_00107
TRACT_00108,3.08131,TRACT_00108
TRACT_00109,3.488327,TRACT_00109
TRACT_00110,5.794086,TRACT_00110
TRACT_00111,3.057226,TRACT_00111
TRACT_00112,4.693472,TRACT_00112
TRACT_00113,5.544686,TRACT_00113
TRACT_00114,5.780576,TRACT_00114
TRACT_00115,2.505848,TRACT_00115
TRACT_00116,2.177113,TRACT_00116
TRACT_00117,5.749875,TRACT_00117
TRACT_00118,5.291613,TRACT_00118
TRACT_00119,3.689779,TRACT_00119
TRACT_00120,2.406473,TRACT_00120
TRACT_00121,2.170233,TRACT_00121
TRACT_00122,3.892249,TRACT_00122
TRACT_00123,4.544026,TRACT_00123
TRACT_00124,8.13711,TRACT_00124
TRACT_00125,9.847963,TRACT_00125
TRACT_00126,2.89737,TRACT_00126
TRACT_00127,5.730064,TRACT_00127
TRACT_00128,6.641245,TRACT_00128
TRACT_00129,6.994676,TRACT_00129
TRACT_00130,2.739727,TRACT_00130
TRACT_00131,10.217216,TRACT_00131
TRACT_00132,0.868411,TRACT_00132
TRACT_00133,2.064336,TRACT_00133
TRACT_00134,11.448871,TRACT_00134
TRACT_00135,14.807284,TRACT_00135
TRACT_00136,2.729818,TRACT_00136
TRACT_00137,5.265186,TRACT_00137
TRACT_00138,2.138753,TRACT_00138
TRACT_00139,1.92183,TRACT_00139
TRACT_00140,7.677814,TRACT_00140
TRACT_00141,3.19018,TRACT_00141
TRACT_00142,0.0,TRACT_00142
TRACT_00143,8.740565,TRACT_00143
TRACT_00144,4.653933,TRACT_00144
TRACT_00145,8.436286,TRACT_00145
TRACT_00146,3.243641,TRACT_00146
TRACT_00147,3.401786,TRACT_00147
TRACT_00148,7.028807,TRACT_00148
TRACT_00149,3.564793,TRACT_00149
TRACT_00150,4.684055,TRACT_00150
TRACT_00151,4.96515,TRACT_00151
TRACT_00152,5.277608,TRACT_00152
TRACT_00153,2.932369,TRACT_00153
TRACT_00154,2.492934,TRACT_00154
TRACT_00155,4.11606,TRACT_00155
TRACT_00156,4.124212,TRACT_00156
TRACT_00157,2.388011,TRACT_00157
TRACT_00158,2.784761,TRACT_00158
TRACT_00159,3.790329,TRACT_00159
TRACT_00160,4.173847,TRACT_00160
TRACT_00161,5.276183,TRACT_00161
TRACT_00162,2.576165,TRACT_00162
TRACT_00163,2.561155,TRACT_00163
TRACT_00164,7.098016,TRACT_00164
TRACT_00165,4.34043,TRACT_00165
TRACT_00166,1.938946,TRACT_00166
TRACT_00167,5.463957,TRACT_00167
TRACT_00168,1.627426,TRACT_00168
TRACT_00169,4.868358,TRACT_00169
TRACT_00170,5.849697,TRACT_00170
TRACT_00171,3.390362,TRACT_00171
TRACT_00172,5.185563,TRACT_00172
TRACT_00173,2.99969,TRACT_00173
TRACT_00174,4.135079,TRACT_00174
TRACT_00175,1.798126,TRACT_00175
TRACT_00176,4.621166,TRACT_00176
TRACT_00177,2.066614,TRACT_00177
TRACT_00178,3.114923,TRACT_00178
TRACT_00179,3.034613,TRACT_00179
TRACT_00180,4.737932,TRACT_00180
TRACT_00181,5.726013,TRACT_00181
TRACT_00182,3.314717,TRACT_00182
TRACT_00183,7.220328,TRACT_00183
TRACT_00184,4.315029,TRACT_00184
TRACT_00185,3.715261,TRACT_00185
TRACT_00186,11.604304,TRACT_00186
TRACT_00187,3.522359,TRACT_00187
TRACT_00188,9.325849,TRACT_00188
TRACT_00189,2.724864,TRACT_00189
TRACT_00190,7.020746,TRACT_00190
TRACT_00191,1.950392,TRACT_00191
TRACT_00192,3.532676,TRACT_00192
TRACT_00193,2.101531,TRACT_00193
TRACT_00194,8.26738,TRACT_00194
TRACT_00195,2.660595,TRACT_00195
TRACT_00196,14.838203,TRACT_00196
TRACT_00197,8.595207,TRACT_00197
TRACT_00198,4.330777,TRACT_00198
TRACT_00199,2.532448,TRACT_00199
TRACT_00200,1.960683,TRACT_00200
TRACT_00201,2.737894,TRACT_00201
TRACT_00202,2.308228,TRACT_00202
TRACT_00203,3.273196,TRACT_00203
TRACT_00204,5.1881,TRACT_00204
TRACT_00205,14.382573,TRACT_00205
TRACT_00206,13.290868,TRACT_00206
TRACT_00207,1.109841,TRACT_00207
TRACT_00208,0.892523,TRACT_00208
TRACT_00209,3.384312,TRACT_00209
TRACT_00210,12.458934,TRACT_00210
TRACT_00211,11.601232,TRACT_00211
TRACT_00212,6.816144,TRACT_00212
TRACT_00213,3.569423,TRACT_00213
TRACT_00214,2.024199,TRACT_00214
TRACT_00215,7.26532,TRACT_00215
TRACT_00216,3.966692,TRACT_00216
TRACT_00217,4.059932,TRACT_00217
TRACT_00218,2.482714,TRACT_00218
TRACT_00219,2.304583,TRACT_00219
TRACT_00220,16.681746,TRACT_00220
TRACT_00221,11.969374,TRACT_00221
TRACT_00222,15.853666,TRACT_00222
TRACT_00223,3.407292,TRACT_00223
TRACT_00224,8.77574,TRACT_00224
TRACT_00225,3.872883,TRACT_00225
TRACT_00226,8.481305,TRACT_00226
TRACT_00227,1.124167,TRACT_00227
TRACT_00228,0.989425,TRACT_00228
TRACT_00229,3.928175,TRACT_00229
TRACT_00230,13.254576,TRACT_00230
TRACT_00231,2.966408,TRACT_00231
TRACT_00232,4.553957,TRACT_00232
TRACT_00233,3.797823,TRACT_00233
TRACT_00234,4.27921,TRACT_00234
TRACT_00235,6.321178,TRACT_00235
TRACT_00236,8.216973,TRACT_00236
TRACT_00237,9.949468,TRACT_00237
TRACT_00238,3.729481,TRACT_00238
TRACT_00239,3.190351,TRACT_00239
TRACT_00240,3.567013,TRACT_00240
TRACT_00241,3.481744,TRACT_00241
TRACT_00242,4.918708,TRACT_00242
TRACT_00243,2.552118,TRACT_00243
TRACT_00244,3.468987,TRACT_00244
TRACT_00245,8.452141,TRACT_00245
TRACT_00246,3.131578,TRACT_00246
TRACT_00247,4.438636,TRACT_00247
TRACT_00248,7.327321,TRACT_00248
TRACT_00249,2.28762,TRACT_00249
TRACT_00250,2.149706,TRACT_00250
TRACT_00251,2.583928,TRACT_00251
TRACT_00252,3.168913,TRACT_00252
TRACT_00253,9.02567,TRACT_00253
TRACT_00254,3.533837,TRACT_00254
TRACT_00255,8.405317,TRACT_00255
TRACT_00256,4.372509,TRACT_00256
TRACT_00257,3.25908,TRACT_00257
TRACT_00258,13.449131,TRACT_00258
TRACT_00259,3.647478,TRACT_00259
TRACT_00260,5.548414,TRACT_00260
TRACT_00261,3.531406,TRACT_00261
TRACT_00262,4.180201,TRACT_00262
TRACT_00263,3.578448,TRACT_00263
TRACT_00264,2.919143,TRACT_00264
TRACT_00265,5.805822,TRACT_00265
TRACT_00266,3.031488,TRACT_00266
TRACT_00267,6.326382,TRACT_00267
TRACT_00268,5.990389,TRACT_00268
TRACT_00269,4.679433,TRACT_00269
TRACT_00270,3.56341,TRACT_00270
TRACT_00271,2.183183,TRACT_00271
TRACT_00272,3.63711,TRACT_00272
TRACT_00273,2.54669,TRACT_00273
TRACT_00274,2.897451,TRACT_00274
TRACT_00275,2.633949,TRACT_00275
TRACT_00276,3.942389,TRACT_00276
TRACT_00277,2.056911,TRACT_00277
TRACT_00278,6.914261,TRACT_00278
TRACT_00279,6.53947,TRACT_00279
TRACT_00280,4.585184,TRACT_00280
TRACT_00281,3.781659,TRACT_00281
TRACT_00282,8.03225,TRACT_00282
TRACT_00283,4.647901,TRACT_00283
TRACT_00284,7.982243,TRACT_00284
TRACT_00285,9.24063,TRACT_00285
TRACT_00286,1.958659,TRACT_00286
TRACT_00287,3.21282,TRACT_00287
TRACT_00288,3.291515,TRACT_00288
TRACT_00289,2.142954,TRACT_00289
TRACT_00290,5.11513,TRACT_00290
TRACT_00291,1.188524,TRACT_00291
TRACT_00292,4.154117,TRACT_00292
TRACT_00293,2.608177,TRACT_00293
TRACT_00294,3.754723,TRACT_00294
TRACT_00295,1.804331,TRACT_00295
TRACT_00296,5.419964,TRACT_00296
TRACT_00297,4.767353,TRACT_00297
TRACT_00298,3.129338,TRACT_00298
TRACT_00299,2.424805,TRACT_00299
TRACT_00300,3.163623,TRACT_00300
TRACT_00301,6.150566,TRACT_00301
TRACT_00302,6.664189,TRACT_00302
TRACT_00303,1.921142,TRACT_00303
TRACT_00304,4.167942,TRACT_00304
TRACT_00305,2.143445,TRACT_00305
TRACT_00306,1.30779,TRACT_00306
TRACT_00307,2.99181,TRACT_00307
TRACT_00308,4.949042,TRACT_00308
TRACT_00309,7.145439,TRACT_00309
TRACT_00310,2.126165,TRACT_00310
TRACT_00311,1.547458,TRACT_00311
TRACT_00312,4.775073,TRACT_00312
TRACT_00313,7.303438,TRACT_00313
TRACT_00314,2.192599,TRACT_00314
TRACT_00315,2.34709,TRACT_00315
TRACT_00316,5.018099,TRACT_00316
TRACT_00317,7.77866,TRACT_00317
TRACT_00318,5.704603,TRACT_00318
TRACT_00319,7.172789,TRACT_00319
TRACT_00320,5.282805,TRACT_00320
TRACT_00321,10.299916,TRACT_00321
TRACT_00322,3.988728,TRACT_00322
TRACT_00323,2.43156,TRACT_00323
TRACT_00324,6.44449,TRACT_00324
TRACT_00325,6.393919,TRACT_00325
TRACT_00326,2.856996,TRACT_00326
TRACT_00327,4.555695,TRACT_00327
TRACT_00328,2.382574,TRACT_00328
TRACT_00329,6.3875,TRACT_00329
TRACT_00330,8.812997,TRACT_00330
TRACT_00331,6.762854,TRACT_00331
TRACT_00332,3.04813,TRACT_00332
TRACT_00333,7.673762,TRACT_00333
TRACT_00334,3.549509,TRACT_00334
TRACT_00335,5.46226,TRACT_00335
TRACT_00336,5.582379,TRACT_00336
TRACT_00337,8.310888,TRACT_00337
TRACT_00338,5.651182,TRACT_00338
TRACT_00339,4.354535,TRACT_00339
TRACT_00340,3.418562,TRACT_00340
TRACT_00341,4.622879,TRACT_00341
TRACT_00342,4.24166,TRACT_00342
TRACT_00343,4.977929,TRACT_00343
TRACT_00344,5.781131,TRACT_00344
TRACT_00345,4.724429,TRACT_00345
TRACT_00346,5.177138,TRACT_00346
TRACT_00347,3.495368,TRACT_00347
TRACT_00348,3.866815,TRACT_00348
TRACT_00349,1.136659,TRACT_00349
TRACT_00350,0.374718,TRACT_00350
TRACT_00351,1.116337,TRACT_00351
TRACT_00352,0.552353,TRACT_00352
TRACT_00353,1.589163,TRACT_00353
TRACT_00354,3.576449,TRACT_00354
TRACT_00355,2.868067,TRACT_00355
TRACT_00356,3.793112,TRACT_00356
TRACT_00357,4.857114,TRACT_00357
TRACT_00358,3.446105,TRACT_00358
TRACT_00359,1.5403,TRACT_00359
TRACT_00360,1.597738,TRACT_00360
TRACT_00361,5.690497,TRACT_00361
TRACT_00362,4.883027,TRACT_00362
TRACT_00363,6.849347,TRACT_00363
TRACT_00364,2.622094,TRACT_00364
TRACT_00365,2.941941,TRACT_00365
TRACT_00366,4.249403,TRACT_00366
TRACT_00367,3.351331,TRACT_00367
TRACT_00368,2.136088,TRACT_00368
TRACT_00369,3.552914,TRACT_00369
TRACT_00370,2.392459,TRACT_00370
TRACT_00371,1.667925,TRACT_00371
TRACT_00372,3.098672,TRACT_00372
TRACT_00373,1.34957,TRACT_00373
TRACT_00374,2.660446,TRACT_00374
TRACT_00375,5.933926,TRACT_00375
TRACT_00376,5.097571,TRACT_00376
TRACT_00377,6.588369,TRACT_00377
TRACT_00378,5.761214,TRACT_00378
TRACT_00379,3.601043,TRACT_00379
TRACT_00380,3.536273,TRACT_00380
TRACT_00381,4.937343,TRACT_00381
TRACT_00382,2.377263,TRACT_00382
TRACT_00383,4.163835,TRACT_00383
TRACT_00384,2.564586,TRACT_00384
TRACT_00385,4.355212,TRACT_00385
TRACT_00386,2.271483,TRACT_00386
TRACT_00387,4.482576,TRACT_00387
TRACT_00388,1.261967,TRACT_00388
TRACT_00389,2.728965,TRACT_00389
TRACT_00390,2.154635,TRACT_00390
TRACT_00391,3.15488,TRACT_00391
TRACT_00392,3.097192,TRACT_00392
TRACT_00393,3.308147,TRACT_00393
TRACT_00394,2.245499,TRACT_00394
TRACT_00395,3.461995,TRACT_00395
TRACT_00396,3.207576,TRACT_00396
TRACT_00397,4.24657,TRACT_00397
TRACT_00398,4.319598,TRACT_00398
TRACT_00399,2.879193,TRACT_00399
TRACT_00400,4.298462,TRACT_00400
TRACT_00401,4.971736,TRACT_00401
TRACT_00402,0.539945,TRACT_00402
TRACT_00403,2.49435,TRACT_00403
TRACT_00404,1.593898,TRACT_00404
TRACT_00405,3.790919,TRACT_00405
TRACT_00406,5.77345,TRACT_00406
TRACT_00407,4.55843,TRACT_00407
TRACT_00408,1.898139,TRACT_00408
TRACT_00409,0.874666,TRACT_00409
TRACT_00410,1.252765,TRACT_00410
TRACT_00411,1.162449,TRACT_00411
TRACT_00412,3.650514,TRACT_00412
TRACT_00413,2.322533,TRACT_00413
TRACT_00414,3.49952,TRACT_00414
TRACT_00415,1.444135,TRACT_00415
TRACT_00416,2.827729,TRACT_00416
TRACT_00417,1.282779,TRACT_00417
TRACT_00418,2.776535,TRACT_00418
TRACT_00419,2.732914,TRACT_00419
TRACT_00420,2.67972,TRACT_00420
TRACT_00421,1.270494,TRACT_00421
TRACT_00422,3.74616,TRACT_00422
TRACT_00423,4.003934,TRACT_00423
TRACT_00424,2.930307,TRACT_00424
TRACT_00425,6.133573,TRACT_00425
TRACT_00426,4.582784,TRACT_00426
TRACT_00427,6.506038,TRACT_00427
TRACT_00428,6.968568,TRACT_00428
TRACT_00429,8.254406,TRACT_00429
TRACT_00430,6.391177,TRACT_00430
TRACT_00431,0.648443,TRACT_00431
TRACT_00432,5.767183,TRACT_00432
TRACT_00433,8.649995,TRACT_00433
TRACT_00434,3.377151,TRACT_00434
TRACT_00435,3.688995,TRACT_00435
TRACT_00436,4.534531,TRACT_00436
TRACT_00437,4.418197,TRACT_00437
TRACT_00438,4.819845,TRACT_00438
TRACT_00439,3.61425,TRACT_00439
TRACT_00440,5.000365,TRACT_00440
TRACT_00441,4.969377,TRACT_00441
TRACT_00442,4.030433,TRACT_00442
TRACT_00443,3.526291,TRACT_00443
TRACT_00444,5.560981,TRACT_00444
TRACT_00445,4.863208,TRACT_00445
TRACT_00446,2.393157,TRACT_00446
TRACT_00447,5.594528,TRACT_00447
TRACT_00448,3.767568,TRACT_00448
TRACT_00449,4.692266,TRACT_00449
TRACT_00450,3.388919,TRACT_00450
TRACT_00451,2.730621,TRACT_00451
TRACT_00452,4.234191,TRACT_00452
TRACT_00453,3.352854,TRACT_00453
TRACT_00454,2.939756,TRACT_00454
TRACT_00455,4.40057,TRACT_00455
TRACT_00456,2.22333,TRACT_00456
TRACT_00457,2.069842,TRACT_00457
TRACT_00458,3.853497,TRACT_00458
TRACT_00459,2.167943,TRACT_00459
TRACT_00460,4.124913,TRACT_00460
TRACT_00461,3.718923,TRACT_00461
TRACT_00462,2.137395,TRACT_00462
TRACT_00463,1.699499,TRACT_00463
TRACT_00464,1.814012,TRACT_00464
TRACT_00465,2.780156,TRACT_00465
TRACT_00466,4.552731,TRACT_00466
TRACT_00467,1.698043,TRACT_00467
TRACT_00468,4.921442,TRACT_00468
TRACT_00469,3.616992,TRACT_00469
TRACT_00470,4.393826,TRACT_00470
TRACT_00471,1.292275,TRACT_00471
TRACT_00472,4.939322,TRACT_00472
TRACT_00473,1.175877,TRACT_00473
TRACT_00474,6.900244,TRACT_00474
TRACT_00475,1.050201,TRACT_00475
TRACT_00476,6.751946,TRACT_00476
TRACT_00477,2.863359,TRACT_00477
TRACT_00478,5.546438,TRACT_00478
TRACT_00479,5.065929,TRACT_00479
TRACT_00480,2.246651,TRACT_00480
TRACT_00481,5.8029,TRACT_00481
TRACT_00482,6.237564,TRACT_00482
TRACT_00483,11.633183,TRACT_00483
TRACT_00484,5.773346,TRACT_00484
TRACT_00485,4.428229,TRACT_00485
TRACT_00486,5.391292,TRACT_00486
TRACT_00487,2.711292,TRACT_00487
TRACT_00488,5.634477,TRACT_00488
TRACT_00489,3.180347,TRACT_00489
TRACT_00490,6.454085,TRACT_00490
TRACT_00491,2.766398,TRACT_00491
TRACT_00492,6.61205,TRACT_00492
TRACT_00493,4.547139,TRACT_00493
TRACT_00494,4.502768,TRACT_00494
TRACT_00495,2.836142,TRACT_00495
TRACT_00496,3.875488,TRACT_00496
TRACT_00497,4.287102,TRACT_00497
TRACT_00498,4.27998,TRACT_00498
TRACT_00499,3.067336,TRACT_00499
TRACT_00500,4.372415,TRACT_00500
TRACT_00501,5.114373,TRACT_00501
TRACT_00502,2.368832,TRACT_00502
TRACT_00503,1.145633,TRACT_00503
TRACT_00504,2.593408,TRACT_00504
TRACT_00505,0.882621,TRACT_00505
TRACT_00506,6.964353,TRACT_00506
TRACT_00507,0.852334,TRACT_00507
TRACT_00508,1.26427,TRACT_00508
TRACT_00509,6.381052,TRACT_00509
TRACT_00510,1.404101,TRACT_00510
TRACT_00511,3.850168,TRACT_00511
TRACT_00512,0.69567,TRACT_00512
TRACT_00513,2.841784,TRACT_00513
TRACT_00514,1.135764,TRACT_00514
TRACT_00515,2.965242,TRACT_00515
TRACT_00516,1.269868,TRACT_00516
TRACT_00517,2.342531,TRACT_00517
TRACT_00518,0.714383,TRACT_00518
TRACT_00519,4.200225,TRACT_00519
TRACT_00520,1.28946,TRACT_00520
TRACT_00521,4.863921,TRACT_00521
TRACT_00522,1.828878,TRACT_00522
TRACT_00523,1.604419,TRACT_00523
TRACT_00524,3.663669,TRACT_00524
TRACT_00525,2.060739,TRACT_00525
TRACT_00526,2.398741,TRACT_00526
TRACT_00527,2.620498,TRACT_00527
TRACT_00528,2.912742,TRACT_00528
TRACT_00529,2.758985,TRACT_00529
TRACT_00530,1.88355,TRACT_00530
TRACT_00531,3.512468,TRACT_00531
TRACT_00532,1.834063,TRACT_00532
TRACT_00533,4.01264,TRACT_00533
TRACT_00534,2.516255,TRACT_00534
TRACT_00535,3.127234,TRACT_00535
TRACT_00536,4.242998,TRACT_00536
TRACT_00537,1.241513,TRACT_00537
TRACT_00538,4.496138,TRACT_00538
TRACT_00539,1.619732,TRACT_00539
TRACT_00540,5.254768,TRACT_00540
TRACT_00541,1.96684,TRACT_00541
TRACT_00542,1.440583,TRACT_00542
TRACT_00543,4.235516,TRACT_00543
TRACT_00544,1.351223,TRACT_00544
TRACT_00545,4.233868,TRACT_00545
TRACT_00546,1.584333,TRACT_00546
TRACT_00547,4.064726,TRACT_00547
TRACT_00548,1.82156,TRACT_00548
TRACT_00549,3.462515,TRACT_00549
TRACT_00550,2.879279,TRACT_00550
TRACT_00551,3.263205,TRACT_00551
TRACT_00552,2.323604,TRACT_00552
TRACT_00553,3.395785,TRACT_00553
TRACT_00554,2.181449,TRACT_00554
TRACT_00555,1.311764,TRACT_00555
TRACT_00556,1.590341,TRACT_00556
TRACT_00557,3.351097,TRACT_00557
TRACT_00558,1.35164,TRACT_00558
TRACT_00559,0.773191,TRACT_00559
TRACT_00560,1.051998,TRACT_00560
TRACT_00561,1.01684,TRACT_00561
TRACT_00562,0.719285,TRACT_00562
TRACT_00563,1.364926,TRACT_00563
TRACT_00564,0.813859,TRACT_00564
TRACT_00565,2.440954,TRACT_00565
TRACT_00566,0.600768,TRACT_00566
TRACT_00567,0.828557,TRACT_00567
TRACT_00568,1.244693,TRACT_00568
TRACT_00569,2.474085,TRACT_00569
TRACT_00570,0.806684,TRACT_00570
TRACT_00571,1.497983,TRACT_00571
TRACT_00572,0.514996,TRACT_00572
TRACT_00573,1.976409,TRACT_00573
TRACT_00574,0.978067,TRACT_00574
TRACT_00575,2.967748,TRACT_00575
TRACT_00576,0.693124,TRACT_00576
TRACT_00577,1.377084,TRACT_00577
TRACT_00578,0.573847,TRACT_00578
TRACT_00579,1.158407,TRACT_00579
TRACT_00580,0.59552,TRACT_00580
TRACT_00581,1.793211,TRACT_00581
TRACT_00582,0.729348,TRACT_00582
TRACT_00583,1.78198,TRACT_00583
TRACT_00584,0.697515,TRACT_00584
TRACT_00585,2.556122,TRACT_00585
TRACT_00586,0.889004,TRACT_00586
TRACT_00587,1.954442,TRACT_00587
TRACT_00588,2.624584,TRACT_00588
TRACT_00589,0.772081,TRACT_00589
TRACT_00590,1.391371,TRACT_00590
TRACT_00591,1.976425,TRACT_00591
TRACT_00592,1.330942,TRACT_00592
TRACT_00593,1.06114,TRACT_00593
TRACT_00594,1.032381,TRACT_00594
TRACT_00595,0.759632,TRACT_00595
TRACT_00596,0.480479,TRACT_00596
TRACT_00597,0.920131,TRACT_00597
TRACT_00598,2.012626,TRACT_00598
TRACT_00599,1.257456,TRACT_00599
TRACT_00600,2.031406,TRACT_00600
TRACT_00601,0.846354,TRACT_00601
TRACT_00602,1.270089,TRACT_00602
TRACT_00603,0.657631,TRACT_00603
TRACT_00604,1.091156,TRACT_00604
TRACT_00605,0.481739,TRACT_00605
TRACT_00606,1.809582,TRACT_00606
TRACT_00607,0.626752,TRACT_00607
TRACT_00608,1.603047,TRACT_00608
TRACT_00609,1.269489,TRACT_00609
TRACT_00610,1.889465,TRACT_00610
TRACT_00611,1.026864,TRACT_00611
TRACT_00612,2.77499,TRACT_00612
TRACT_00613,1.49902,TRACT_00613
TRACT_00614,3.287245,TRACT_00614
TRACT_00615,3.995721,TRACT_00615
TRACT_00616,0.98377,TRACT_00616
TRACT_00617,3.223022,TRACT_00617
TRACT_00618,1.566753,TRACT_00618
TRACT_00619,1.622518,TRACT_00619
TRACT_00620,1.896492,TRACT_00620
TRACT_00621,1.587742,TRACT_00621
TRACT_00622,1.006382,TRACT_00622
TRACT_00623,1.224991,TRACT_00623
TRACT_00624,1.518046,TRACT_00624
TRACT_00625,0.890237,TRACT_00625
TRACT_00626,1.092002,TRACT_00626
TRACT_00627,0.672095,TRACT_00627
TRACT_00628,1.164972,TRACT_00628
TRACT_00629,3.194741,TRACT_00629
TRACT_00630,0.814079,TRACT_00630
TRACT_00631,2.884852,TRACT_00631
TRACT_00632,0.421558,TRACT_00632
TRACT_00633,2.750778,TRACT_00633
TRACT_00634,0.876636,TRACT_00634
TRACT_00635,3.611175,TRACT_00635
TRACT_00636,1.34705,TRACT_00636
TRACT_00637,3.268908,TRACT_00637
TRACT_00638,1.621801,TRACT_00638
TRACT_00639,3.614804,TRACT_00639
TRACT_00640,2.96413,TRACT_00640
TRACT_00641,2.310004,TRACT_00641
TRACT_00642,0.867772,TRACT_00642
TRACT_00643,1.147107,TRACT_00643
TRACT_00644,3.003295,TRACT_00644
TRACT_00645,3.040729,TRACT_00645
TRACT_00646,3.553924,TRACT_00646
TRACT_00647,4.681529,TRACT_00647
TRACT_00648,4.677527,TRACT_00648
TRACT_00649,5.111493,TRACT_00649
TRACT_00650,5.580411,TRACT_00650
TRACT_00651,0.220353,TRACT_00651
TRACT_00652,1.509292,TRACT_00652
TRACT_00653,0.417814,TRACT_00653
TRACT_00654,5.697165,TRACT_00654
TRACT_00655,0.569573,TRACT_00655
TRACT_00656,7.620164,TRACT_00656
TRACT_00657,7.130033,TRACT_00657
TRACT_00658,2.655945,TRACT_00658
TRACT_00659,0.412761,TRACT_00659
TRACT_00660,0.0,TRACT_00660
TRACT_00661,1.362231,TRACT_00661
TRACT_00662,2.454861,TRACT_00662
TRACT_00663,0.0,TRACT_00663
TRACT_00664,2.346529,TRACT_00664
TRACT_00665,0.378848,TRACT_00665
TRACT_00666,2.069555,TRACT_00666
TRACT_00667,2.783899,TRACT_00667
TRACT_00668,3.639374,TRACT_00668
TRACT_00669,2.105804,TRACT_00669
TRACT_00670,2.550293,TRACT_00670
TRACT_00671,7.436972,TRACT_00671
TRACT_00672,2.899276,TRACT_00672
TRACT_00673,1.542484,TRACT_00673
TRACT_00674,7.088599,TRACT_00674
TRACT_00675,1.573774,TRACT_00675
TRACT_00676,1.513234,TRACT_00676
TRACT_00677,4.190535,TRACT_00677
TRACT_00678,2.430372,TRACT_00678
TRACT_00679,5.978075,TRACT_00679
TRACT_00680,0.36997,TRACT_00680
TRACT_00681,1.424495,TRACT_00681
TRACT_00682,3.928034,TRACT_00682
TRACT_00683,6.601566,TRACT_00683
TRACT_00684,4.381388,TRACT_00684
TRACT_00685,0.086937,TRACT_00685
TRACT_00686,0.288387,TRACT_00686
TRACT_00687,4.711683,TRACT_00687
TRACT_00688,0.358908,TRACT_00688
TRACT_00689,5.076548,TRACT_00689
TRACT_00690,0.278888,TRACT_00690
TRACT_00691,4.812418,TRACT_00691
TRACT_00692,4.721456,TRACT_00692
TRACT_00693,0.32187,TRACT_00693
TRACT_00694,5.584102,TRACT_00694
TRACT_00695,2.473008,TRACT_00695
TRACT_00696,0.281824,TRACT_00696
TRACT_00697,4.933083,TRACT_00697
TRACT_00698,2.482681,TRACT_00698
TRACT_00699,0.361557,TRACT_00699
TRACT_00700,0.623929,TRACT_00700
TRACT_00701,2.189974,TRACT_00701
TRACT_00702,0.824304,TRACT_00702
TRACT_00703,4.600086,TRACT_00703
TRACT_00704,1.594593,TRACT_00704
TRACT_00705,1.717185,TRACT_00705
TRACT_00706,0.935364,TRACT_00706
TRACT_00707,0.888323,TRACT_00707
TRACT_00708,2.338524,TRACT_00708
TRACT_00709,1.275619,TRACT_00709
TRACT_00710,0.576387,TRACT_00710
TRACT_00711,3.861857,TRACT_00711
TRACT_00712,0.444512,TRACT_00712
TRACT_00713,3.570578,TRACT_00713
TRACT_00714,0.524856,TRACT_00714
TRACT_00715,1.801288,TRACT_00715
TRACT_00716,0.619718,TRACT_00716
TRACT_00717,1.311749,TRACT_00717
TRACT_00718,1.064669,TRACT_00718
TRACT_00719,1.855131,TRACT_00719
TRACT_00720,1.756624,TRACT_00720
TRACT_00721,1.983629,TRACT_00721
TRACT_00722,1.177847,TRACT_00722
TRACT_00723,2.37236,TRACT_00723
TRACT_00724,1.322844,TRACT_00724
TRACT_00725,4.350009,TRACT_00725
TRACT_00726,1.169043,TRACT_00726
TRACT_00727,3.304148,TRACT_00727
TRACT_00728,0.913452,TRACT_00728
TRACT_00729,5.686036,TRACT_00729
TRACT_00730,0.471163,TRACT_00730
TRACT_00731,2.226155,TRACT_00731
TRACT_00732,1.278311,TRACT_00732
TRACT_00733,3.215334,TRACT_00733
TRACT_00734,1.444522,TRACT_00734
TRACT_00735,2.092057,TRACT_00735
TRACT_00736,2.342213,TRACT_00736
TRACT_00737,0.933742,TRACT_00737
TRACT_00738,1.856326,TRACT_00738
TRACT_00739,0.778895,TRACT_00739
TRACT_00740,2.052542,TRACT_00740
TRACT_00741,0.508982,TRACT_00741
TRACT_00742,2.28806,TRACT_00742
TRACT_00743,0.605585,TRACT_00743
TRACT_00744,2.207786,TRACT_00744
TRACT_00745,1.178302,TRACT_00745
TRACT_00746,1.922931,TRACT_00746
TRACT_00747,1.010782,TRACT_00747
TRACT_00748,3.130069,TRACT_00748
TRACT_00749,0.860804,TRACT_00749
TRACT_00750,3.808681,TRACT_00750
TRACT_00751,0.67245,TRACT_00751
TRACT_00752,1.858574,TRACT_00752
TRACT_00753,1.420847,TRACT_00753
TRACT_00754,1.563246,TRACT_00754
TRACT_00755,1.321028,TRACT_00755
TRACT_00756,1.740769,TRACT_00756
TRACT_00757,0.84098,TRACT_00757
TRACT_00758,2.782606,TRACT_00758
TRACT_00759,0.601316,TRACT_00759
TRACT_00760,2.520756,TRACT_00760
TRACT_00761,1.367174,TRACT_00761
TRACT_00762,2.441333,TRACT_00762
TRACT_00763,0.737869,TRACT_00763
TRACT_00764,3.155518,TRACT_00764
TRACT_00765,0.369682,TRACT_00765
TRACT_00766,3.220199,TRACT_00766
TRACT_00767,0.688663,TRACT_00767
TRACT_00768,2.975153,TRACT_00768
TRACT_00769,1.632793,TRACT_00769
TRACT_00770,3.400881,TRACT_00770
TRACT_00771,1.494418,TRACT_00771
TRACT_00772,1.800383,TRACT_00772
TRACT_00773,1.962988,TRACT_00773
TRACT_00774,1.036271,TRACT_00774
TRACT_00775,0.595642,TRACT_00775
TRACT_00776,2.344508,TRACT_00776
TRACT_00777,0.438956,TRACT_00777
TRACT_00778,0.328594,TRACT_00778
TRACT_00779,0.416543,TRACT_00779
TRACT_00780,0.622691,TRACT_00780
TRACT_00781,0.611694,TRACT_00781
TRACT_00782,1.330127,TRACT_00782
TRACT_00783,1.416476,TRACT_00783
TRACT_00784,1.05928,TRACT_00784
TRACT_00785,0.765778,TRACT_00785
TRACT_00786,0.535027,TRACT_00786
TRACT_00787,0.453438,TRACT_00787
TRACT_00788,0.861925,TRACT_00788
TRACT_00789,1.403697,TRACT_00789
TRACT_00790,1.138787,TRACT_00790
TRACT_00791,0.68995,TRACT_00791
TRACT_00792,2.585705,TRACT_00792
TRACT_00793,1.095896,TRACT_00793
TRACT_00794,1.453492,TRACT_00794
TRACT_00795,2.593874,TRACT_00795
TRACT_00796,1.038975,TRACT_00796
TRACT_00797,0.83418,TRACT_00797
TRACT_00798,2.533911,TRACT_00798
TRACT_00799,0.964669,TRACT_00799
TRACT_00800,1.713544,TRACT_00800
TRACT_00801,1.254759,TRACT_00801
TRACT_00802,1.712422,TRACT_00802
TRACT_00803,2.678067,TRACT_00803
TRACT_00804,0.772551,TRACT_00804
TRACT_00805,0.867061,TRACT_00805
TRACT_00806,1.289521,TRACT_00806
TRACT_00807,1.754286,TRACT_00807
TRACT_00808,1.27952,TRACT_00808
TRACT_00809,1.558415,TRACT_00809
TRACT_00810,2.763259,TRACT_00810
TRACT_00811,1.865924,TRACT_00811
TRACT_00812,1.565588,TRACT_00812
TRACT_00813,4.645517,TRACT_00813
TRACT_00814,1.312579,TRACT_00814
TRACT_00815,1.801892,TRACT_00815
TRACT_00816,0.882515,TRACT_00816
TRACT_00817,2.066718,TRACT_00817
TRACT_00818,1.336843,TRACT_00818
TRACT_00819,1.45337,TRACT_00819
TRACT_00820,0.947696,TRACT_00820
TRACT_00821,1.583023,TRACT_00821
TRACT_00822,1.624348,TRACT_00822
TRACT_00823,1.672002,TRACT_00823
TRACT_00824,1.780787,TRACT_00824
TRACT_00825,1.878396,TRACT_00825
TRACT_00826,2.16849,TRACT_00826
TRACT_00827,1.282006,TRACT_00827
TRACT_00828,1.665514,TRACT_00828
TRACT_00829,0.754399,TRACT_00829
TRACT_00830,1.673091,TRACT_00830
TRACT_00831,0.537522,TRACT_00831
TRACT_00832,0.26974,TRACT_00832
TRACT_00833,1.493987,TRACT_00833
TRACT_00834,0.674001,TRACT_00834
TRACT_00835,1.624774,TRACT_00835
TRACT_00836,0.733927,TRACT_00836
TRACT_00837,2.635264,TRACT_00837
TRACT_00838,0.93465,TRACT_00838
TRACT_00839,1.043371,TRACT_00839
TRACT_00840,2.340779,TRACT_00840
TRACT_00841,1.554379,TRACT_00841
TRACT_00842,2.866456,TRACT_00842
TRACT_00843,0.462625,TRACT_00843
TRACT_00844,0.597648,TRACT_00844
TRACT_00845,0.246684,TRACT_00845
TRACT_00846,0.854862,TRACT_00846
TRACT_00847,3.464489,TRACT_00847
TRACT_00848,0.781556,TRACT_00848
TRACT_00849,2.302472,TRACT_00849
TRACT_00850,2.595895,TRACT_00850
TRACT_00851,0.522568,TRACT_00851
TRACT_00852,2.957119,TRACT_00852
TRACT_00853,0.619028,TRACT_00853
TRACT_00854,2.634272,TRACT_00854
TRACT_00855,0.345794,TRACT_00855
TRACT_00856,4.882083,TRACT_00856
TRACT_00857,0.500606,TRACT_00857
TRACT_00858,2.928215,TRACT_00858
TRACT_00859,0.457751,TRACT_00859
TRACT_00860,5.696777,TRACT_00860
TRACT_00861,0.503133,TRACT_00861
TRACT_00862,3.799069,TRACT_00862
TRACT_00863,0.535931,TRACT_00863
TRACT_00864,2.575992,TRACT_00864
TRACT_00865,0.467382,TRACT_00865
TRACT_00866,3.412551,TRACT_00866
TRACT_00867,0.461522,TRACT_00867
TRACT_00868,2.31678,TRACT_00868
TRACT_00869,0.52851,TRACT_00869
TRACT_00870,0.482579,TRACT_00870
TRACT_00871,1.200174,TRACT_00871
TRACT_00872,0.561935,TRACT_00872
TRACT_00873,1.135456,TRACT_00873
TRACT_00874,0.513046,TRACT_00874
TRACT_00875,0.416468,TRACT_00875
TRACT_00876,1.812718,TRACT_00876
TRACT_00877,0.351511,TRACT_00877
TRACT_00878,0.446132,TRACT_00878
TRACT_00879,0.707107,TRACT_00879
TRACT_00880,0.288927,TRACT_00880
TRACT_00881,0.954413,TRACT_00881
TRACT_00882,0.256348,TRACT_00882
TRACT_00883,0.973176,TRACT_00883
TRACT_00884,0.306443,TRACT_00884
TRACT_00885,2.015215,TRACT_00885
TRACT_00886,0.388314,TRACT_00886
TRACT_00887,0.514691,TRACT_00887
TRACT_00888,1.245735,TRACT_00888
TRACT_00889,1.05536,TRACT_00889
TRACT_00890,0.682179,TRACT_00890
TRACT_00891,0.606847,TRACT_00891
TRACT_00892,0.444528,TRACT_00892
TRACT_00893,0.41383,TRACT_00893
TRACT_00894,0.249551,TRACT_00894
TRACT_00895,1.383328,TRACT_00895
TRACT_00896,4.262675,TRACT_00896
TRACT_00897,0.615444,TRACT_00897
TRACT_00898,3.125312,TRACT_00898
TRACT_00899,0.534665,TRACT_00899
TRACT_00900,3.059129,TRACT_00900
TRACT_00901,0.186019,TRACT_00901
TRACT_00902,0.298783,TRACT_00902
TRACT_00903,0.378908,TRACT_00903
TRACT_00904,0.395151,TRACT_00904
TRACT_00905,0.903372,TRACT_00905
TRACT_00906,0.779243,TRACT_00906
TRACT_00907,0.526979,TRACT_00907
TRACT_00908,0.918449,TRACT_00908
TRACT_00909,0.733686,TRACT_00909
TRACT_00910,0.305832,TRACT_00910
TRACT_00911,0.55701,TRACT_00911
TRACT_00912,0.388696,TRACT_00912
TRACT_00913,0.516671,TRACT_00913
TRACT_00914,0.512373,TRACT_00914
TRACT_00915,1.539017,TRACT_00915
TRACT_00916,0.47307,TRACT_00916
TRACT_00917,0.505852,TRACT_00917
TRACT_00918,0.243145,TRACT_00918
TRACT_00919,0.177649,TRACT_00919
TRACT_00920,0.440966,TRACT_00920
TRACT_00921,0.475698,TRACT_00921
TRACT_00922,0.49271,TRACT_00922
TRACT_00923,0.763422,TRACT_00923
TRACT_00924,0.536675,TRACT_00924
TRACT_00925,0.378446,TRACT_00925
TRACT_00926,0.335767,TRACT_00926
TRACT_00927,0.266099,TRACT_00927
TRACT_00928,0.232667,TRACT_00928
TRACT_00929,0.437169,TRACT_00929
TRACT_00930,0.359353,TRACT_00930
TRACT_00931,0.421892,TRACT_00931
TRACT_00932,0.551671,TRACT_00932
TRACT_00933,0.871181,TRACT_00933
TRACT_00934,0.480741,TRACT_00934
TRACT_00935,0.4239,TRACT_00935
TRACT_00936,0.380467,TRACT_00936
TRACT_00937,0.222859,TRACT_00937
TRACT_00938,0.50689,TRACT_00938
TRACT_00939,0.312106,TRACT_00939
TRACT_00940,0.462969,TRACT_00940
TRACT_00941,0.287943,TRACT_00941
TRACT_00942,0.406413,TRACT_00942
TRACT_00943,0.597488,TRACT_00943
TRACT_00944,0.538497,TRACT_00944
TRACT_00945,0.400026,TRACT_00945
TRACT_00946,0.461377,TRACT_00946
TRACT_00947,0.586595,TRACT_00947
TRACT_00948,0.171711,TRACT_00948
TRACT_00949,0.362903,TRACT_00949
TRACT_00950,0.558322,TRACT_00950
TRACT_00951,0.0,TRACT_00951
TRACT_00952,0.266437,TRACT_00952
TRACT_00953,0.579462,TRACT_00953
TRACT_00954,0.20732,TRACT_00954
TRACT_00955,0.619609,TRACT_00955
TRACT_00956,0.499324,TRACT_00956
TRACT_00957,0.630819,TRACT_00957
TRACT_00958,0.573173,TRACT_00958
TRACT_00959,0.525802,TRACT_00959
TRACT_00960,0.835834,TRACT_00960
TRACT_00961,0.853452,TRACT_00961
TRACT_00962,0.39374,TRACT_00962
TRACT_00963,0.757771,TRACT_00963
TRACT_00964,0.867362,TRACT_00964
TRACT_00965,0.68364,TRACT_00965
TRACT_00966,0.541029,TRACT_00966
TRACT_00967,0.372353,TRACT_00967
TRACT_00968,0.360413,TRACT_00968
TRACT_00969,0.443672,TRACT_00969
TRACT_00970,0.438126,TRACT_00970
TRACT_00971,0.381048,TRACT_00971
TRACT_00972,0.701621,TRACT_00972
TRACT_00973,0.496526,TRACT_00973
TRACT_00974,0.642331,TRACT_00974
TRACT_00975,0.335954,TRACT_00975
TRACT_00976,1.000782,TRACT_00976
TRACT_00977,1.177321,TRACT_00977
TRACT_00978,0.608927,TRACT_00978
TRACT_00979,0.580587,TRACT_00979
TRACT_00980,0.794358,TRACT_00980
TRACT_00981,0.651989,TRACT_00981
TRACT_00982,0.937472,TRACT_00982
TRACT_00983,0.720405,TRACT_00983
TRACT_00984,0.773187,TRACT_00984
TRACT_00985,0.269686,TRACT_00985
TRACT_00986,0.614817,TRACT_00986
TRACT_00987,0.609341,TRACT_00987
TRACT_00988,0.704289,TRACT_00988
TRACT_00989,0.741929,TRACT_00989
TRACT_00990,0.265068,TRACT_00990
TRACT_00991,0.523164,TRACT_00991
TRACT_00992,1.013678,TRACT_00992
TRACT_00993,1.281324,TRACT_00993
TRACT_00994,1.941926,TRACT_00994
TRACT_00995,0.893606,TRACT_00995
TRACT_00996,0.964336,TRACT_00996
TRACT_00997,1.224396,TRACT_00997
TRACT_00998,1.705562,TRACT_00998
TRACT_00999,0.630548,TRACT_00999
TRACT_01000,0.367317,TRACT_01000
TRACT_01001,1.121489,TRACT_01001
TRACT_01002,2.901556,TRACT_01002
TRACT_01003,1.555195,TRACT_01003
TRACT_01004,1.506245,TRACT_01004
TRACT_01005,0.994659,TRACT_01005
TRACT_01006,0.971081,TRACT_01006
TRACT_01007,1.224312,TRACT_01007
TRACT_01008,0.842364,TRACT_01008
TRACT_01009,0.941256,TRACT_01009
TRACT_01010,1.213406,TRACT_01010
TRACT_01011,1.887986,TRACT_01011
TRACT_01012,0.53499,TRACT_01012
TRACT_01013,1.046657,TRACT_01013
TRACT_01014,1.580608,TRACT_01014
TRACT_01015,1.430165,TRACT_01015
TRACT_01016,0.943569,TRACT_01016
TRACT_01017,1.061109,TRACT_01017
TRACT_01018,0.8688,TRACT_01018
TRACT_01019,1.149284,TRACT_01019
TRACT_01020,1.084027,TRACT_01020
TRACT_01021,1.1084,TRACT_01021
TRACT_01022,0.695021,TRACT_01022
TRACT_01023,1.22463,TRACT_01023
TRACT_01024,0.921789,TRACT_01024
TRACT_01025,0.768397,TRACT_01025
TRACT_01026,0.623683,TRACT_01026
TRACT_01027,0.693712,TRACT_01027
TRACT_01028,0.714426,TRACT_01028
TRACT_01029,0.710566,TRACT_01029
TRACT_01030,0.664051,TRACT_01030
TRACT_01031,1.156752,TRACT_01031
TRACT_01032,1.059613,TRACT_01032
TRACT_01033,2.018453,TRACT_01033
TRACT_01034,1.754429,TRACT_01034
TRACT_01035,0.431603,TRACT_01035
TRACT_01036,1.389699,TRACT_01036
TRACT_01037,0.651063,TRACT_01037
TRACT_01038,0.858955,TRACT_01038
TRACT_01039,1.310051,TRACT_01039
TRACT_01040,0.219308,TRACT_01040
TRACT_01041,0.525848,TRACT_01041
TRACT_01042,0.568098,TRACT_01042
TRACT_01043,2.242922,TRACT_01043
TRACT_01044,0.548132,TRACT_01044
TRACT_01045,0.994024,TRACT_01045
TRACT_01046,0.427885,TRACT_01046
TRACT_01047,2.537509,TRACT_01047
TRACT_01048,1.909974,TRACT_01048
TRACT_01049,1.76997,TRACT_01049
TRACT_01050,2.102209,TRACT_01050
TRACT_01051,1.121423,TRACT_01051
TRACT_01052,1.287463,TRACT_01052
TRACT_01053,0.914418,TRACT_01053
TRACT_01054,1.441785,TRACT_01054
TRACT_01055,1.311685,TRACT_01055
TRACT_01056,0.854813,TRACT_01056
TRACT_01057,1.537138,TRACT_01057
TRACT_01058,0.771349,TRACT_01058
TRACT_01059,0.755736,TRACT_01059
TRACT_01060,0.792312,TRACT_01060
TRACT_01061,1.01899,TRACT_01061
TRACT_01062,0.820521,TRACT_01062
TRACT_01063,0.593533,TRACT_01063
TRACT_01064,0.749022,TRACT_01064
TRACT_01065,0.803841,TRACT_01065
TRACT_01066,0.950927,TRACT_01066
TRACT_01067,0.437828,TRACT_01067
TRACT_01068,0.540967,TRACT_01068
TRACT_01069,0.515339,TRACT_01069
TRACT_01070,0.801518,TRACT_01070
TRACT_01071,1.301757,TRACT_01071
TRACT_01072,0.602652,TRACT_01072
TRACT_01073,0.460432,TRACT_01073
TRACT_01074,0.303511,TRACT_01074
TRACT_01075,0.357209,TRACT_01075
TRACT_01076,0.629756,TRACT_01076
TRACT_01077,0.572649,TRACT_01077
TRACT_01078,0.414812,TRACT_01078
TRACT_01079,0.345028,TRACT_01079
TRACT_01080,0.475436,TRACT_01080
TRACT_01081,0.772514,TRACT_01081
TRACT_01082,0.358551,TRACT_01082
TRACT_01083,0.540394,TRACT_01083
TRACT_01084,0.766108,TRACT_01084
TRACT_01085,0.35402,TRACT_01085
TRACT_01086,0.39675,TRACT_01086
TRACT_01087,0.20113,TRACT_01087
TRACT_01088,0.493259,TRACT_01088
TRACT_01089,0.43077,TRACT_01089
TRACT_01090,0.448821,TRACT_01090
TRACT_01091,0.641705,TRACT_01091
TRACT_01092,0.239903,TRACT_01092
TRACT_01093,0.147258,TRACT_01093
TRACT_01094,0.315937,TRACT_01094
TRACT_01095,0.490393,TRACT_01095
TRACT_01096,0.462642,TRACT_01096
TRACT_01097,0.17213,TRACT_01097
TRACT_01098,0.269135,TRACT_01098
TRACT_01099,0.427941,TRACT_01099
TRACT_01100,0.929561,TRACT_01100
TRACT_01101,0.505387,TRACT_01101
TRACT_01102,0.694048,TRACT_01102
TRACT_01103,0.401974,TRACT_01103
TRACT_01104,0.751742,TRACT_01104
TRACT_01105,1.651338,TRACT_01105
TRACT_01106,8.549426,TRACT_01106
TRACT_01107,0.59127,TRACT_01107
TRACT_01108,0.284108,TRACT_01108
TRACT_01109,0.706869,TRACT_01109
TRACT_01110,0.406335,TRACT_01110
TRACT_01111,0.146312,TRACT_01111
TRACT_01112,0.241217,TRACT_01112
TRACT_01113,0.309753,TRACT_01113
TRACT_01114,0.69253,TRACT_01114
TRACT_01115,0.716051,TRACT_01115
TRACT_01116,0.849222,TRACT_01116
TRACT_01117,0.884379,TRACT_01117
TRACT_01118,1.911991,TRACT_01118
TRACT_01119,0.994771,TRACT_01119
TRACT_01120,1.209593,TRACT_01120
TRACT_01121,1.833373,TRACT_01121
TRACT_01122,0.574427,TRACT_01122
TRACT_01123,6.779638,TRACT_01123
TRACT_01124,13.885942,TRACT_01124
TRACT_01125,2.940129,TRACT_01125
TRACT_01126,4.411176,TRACT_01126
TRACT_01127,1.283914,TRACT_01127
TRACT_01128,1.860329,TRACT_01128
TRACT_01129,0.760353,TRACT_01129
TRACT_01130,0.921255,TRACT_01130
TRACT_01131,1.079554,TRACT_01131
TRACT_01132,1.191143,TRACT_01132
TRACT_01133,1.112658,TRACT_01133
TRACT_01134,0.780326,TRACT_01134
TRACT_01135,1.564542,TRACT_01135
TRACT_01136,1.112905,TRACT_01136
TRACT_01137,5.021999,TRACT_01137
TRACT_01138,2.834791,TRACT_01138
TRACT_01139,1.780509,TRACT_01139
TRACT_01140,1.98408,TRACT_01140
TRACT_01141,1.716847,TRACT_01141
TRACT_01142,1.944622,TRACT_01142
TRACT_01143,11.206024,TRACT_01143
TRACT_01144,3.221009,TRACT_01144
TRACT_01145,2.729557,TRACT_01145
TRACT_01146,2.019276,TRACT_01146
TRACT_01147,0.688801,TRACT_01147
TRACT_01148,1.285833,TRACT_01148
TRACT_01149,1.353997,TRACT_01149
TRACT_01150,1.455337,TRACT_01150
TRACT_01151,1.196138,TRACT_01151
TRACT_01152,1.471247,TRACT_01152
TRACT_01153,2.568789,TRACT_01153
TRACT_01154,1.406434,TRACT_01154
TRACT_01155,1.481662,TRACT_01155
TRACT_01156,0.563061,TRACT_01156
TRACT_01157,0.758126,TRACT_01157
TRACT_01158,1.135972,TRACT_01158
TRACT_01159,0.615076,TRACT_01159
TRACT_01160,0.380944,TRACT_01160
TRACT_01161,0.481443,TRACT_01161
TRACT_01162,2.999939,TRACT_01162
TRACT_01163,5.49423,TRACT_01163
TRACT_01164,0.833211,TRACT_01164
TRACT_01165,0.0,TRACT_01165
TRACT_01166,0.0,TRACT_01166
TRACT_01167,0.0,TRACT_01167
TRACT_01168,1.337985,TRACT_01168
TRACT_01169,0.95661,TRACT_01169
TRACT_01170,0.0,TRACT_01170
TRACT_01171,1.382465,TRACT_01171
TRACT_01172,0.0,TRACT_01172
TRACT_01173,0.0,TRACT_01173
TRACT_01174,0.0,TRACT_01174
TRACT_01175,0.929784,TRACT_01175
TRACT_01176,0.910727,TRACT_01176
TRACT_01177,0.0,TRACT_01177
TRACT_01178,1.594918,TRACT_01178
TRACT_01179,0.863047,TRACT_01179
TRACT_01180,0.0,TRACT_01180
TRACT_01181,0.0,TRACT_01181
TRACT_01182,0.0,TRACT_01182
TRACT_01183,0.0,TRACT_01183
TRACT_01184,1.790489,TRACT_01184
TRACT_01185,0.0,TRACT_01185
TRACT_01186,1.883758,TRACT_01186
TRACT_01187,3.015131,TRACT_01187
TRACT_01188,1.187582,TRACT_01188
TRACT_01189,6.262125,TRACT_01189
TRACT_01190,2.613381,TRACT_01190
TRACT_01191,8.387559,TRACT_01191
TRACT_01192,1.306098,TRACT_01192
TRACT_01193,6.549952,TRACT_01193
TRACT_01194,3.55099,TRACT_01194
TRACT_01195,2.201824,TRACT_01195
TRACT_01196,2.458123,TRACT_01196
TRACT_01197,1.61522,TRACT_01197
TRACT_01198,1.287571,TRACT_01198
TRACT_01199,3.225408,TRACT_01199
TRACT_01200,3.276168,TRACT_01200
TRACT_01201,3.303795,TRACT_01201
TRACT_01202,0.906208,TRACT_01202
TRACT_01203,0.522562,TRACT_01203
TRACT_01204,2.32533,TRACT_01204
TRACT_01205,2.317231,TRACT_01205
TRACT_01206,0.861173,TRACT_01206
TRACT_01207,0.314701,TRACT_01207
TRACT_01208,8.723327,TRACT_01208
TRACT_01209,0.770557,TRACT_01209
TRACT_01210,0.927714,TRACT_01210
TRACT_01211,3.869087,TRACT_01211
TRACT_01212,0.439308,TRACT_01212
TRACT_01213,3.563682,TRACT_01213
TRACT_01214,3.089426,TRACT_01214
TRACT_01215,1.33239,TRACT_01215
TRACT_01216,1.438449,TRACT_01216
TRACT_01217,1.566202,TRACT_01217
TRACT_01218,1.225924,TRACT_01218
TRACT_01219,1.56931,TRACT_01219
TRACT_01220,1.226678,TRACT_01220
TRACT_01221,1.175203,TRACT_01221
TRACT_01222,1.152738,TRACT_01222
TRACT_01223,1.128272,TRACT_01223
TRACT_01224,1.395744,TRACT_01224
TRACT_01225,0.984544,TRACT_01225
TRACT_01226,1.496713,TRACT_01226
TRACT_01227,1.510341,TRACT_01227
TRACT_01228,2.677673,TRACT_01228
TRACT_01229,1.076509,TRACT_01229
TRACT_01230,1.421147,TRACT_01230
TRACT_01231,1.109152,TRACT_01231
TRACT_01232,1.88336,TRACT_01232
TRACT_01233,1.544503,TRACT_01233
TRACT_01234,1.543831,TRACT_01234
TRACT_01235,1.974952,TRACT_01235
TRACT_01236,1.469182,TRACT_01236
TRACT_01237,0.952537,TRACT_01237
TRACT_01238,1.339369,TRACT_01238
TRACT_01239,1.735355,TRACT_01239
TRACT_01240,0.899769,TRACT_01240
TRACT_01241,1.047286,TRACT_01241
TRACT_01242,0.512273,TRACT_01242
TRACT_01243,0.892385,TRACT_01243
TRACT_01244,1.262019,TRACT_01244
TRACT_01245,0.931379,TRACT_01245
TRACT_01246,1.214249,TRACT_01246
TRACT_01247,1.35507,TRACT_01247
TRACT_01248,1.436939,TRACT_01248
TRACT_01249,1.418394,TRACT_01249
TRACT_01250,1.318236,TRACT_01250
TRACT_01251,2.651844,TRACT_01251
TRACT_01252,0.689739,TRACT_01252
TRACT_01253,1.38701,TRACT_01253
TRACT_01254,1.08014,TRACT_01254
TRACT_01255,2.331066,TRACT_01255
TRACT_01256,1.917388,TRACT_01256
TRACT_01257,0.789311,TRACT_01257
TRACT_01258,1.732945,TRACT_01258
TRACT_01259,0.843031,TRACT_01259
TRACT_01260,2.169618,TRACT_01260
TRACT_01261,1.343325,TRACT_01261
TRACT_01262,1.535136,TRACT_01262
TRACT_01263,0.919186,TRACT_01263
TRACT_01264,2.840898,TRACT_01264
TRACT_01265,1.352064,TRACT_01265
TRACT_01266,4.900651,TRACT_01266
TRACT_01267,0.845392,TRACT_01267
TRACT_01268,2.525779,TRACT_01268
TRACT_01269,1.285336,TRACT_01269
TRACT_01270,2.80257,TRACT_01270
TRACT_01271,4.095355,TRACT_01271
TRACT_01272,7.113019,TRACT_01272
TRACT_01273,3.436852,TRACT_01273
TRACT_01274,0.941618,TRACT_01274
TRACT_01275,4.859725,TRACT_01275
TRACT_01276,1.044609,TRACT_01276
TRACT_01277,3.397262,TRACT_01277
TRACT_01278,1.02456,TRACT_01278
TRACT_01279,2.405625,TRACT_01279
TRACT_01280,1.431461,TRACT_01280
TRACT_01281,1.803289,TRACT_01281
TRACT_01282,1.116051,TRACT_01282
TRACT_01283,1.537299,TRACT_01283
TRACT_01284,1.875871,TRACT_01284
TRACT_01285,1.195051,TRACT_01285
TRACT_01286,1.094536,TRACT_01286
TRACT_01287,1.488031,TRACT_01287
TRACT_01288,2.441611,TRACT_01288
TRACT_01289,2.072649,TRACT_01289
TRACT_01290,1.040712,TRACT_01290
TRACT_01291,2.382201,TRACT_01291
TRACT_01292,2.680545,TRACT_01292
TRACT_01293,1.302681,TRACT_01293
TRACT_01294,6.611823,TRACT_01294
TRACT_01295,7.474937,TRACT_01295
TRACT_01296,2.627398,TRACT_01296
TRACT_01297,2.701481,TRACT_01297
TRACT_01298,2.894488,TRACT_01298
TRACT_01299,1.787699,TRACT_01299
TRACT_01300,2.637992,TRACT_01300
TRACT_01301,1.625221,TRACT_01301
TRACT_01302,1.802566,TRACT_01302
TRACT_01303,1.674709,TRACT_01303
TRACT_01304,2.061339,TRACT_01304
TRACT_01305,2.086416,TRACT_01305
TRACT_01306,0.809067,TRACT_01306
TRACT_01307,1.730164,TRACT_01307
TRACT_01308,1.570546,TRACT_01308
TRACT_01309,5.453711,TRACT_01309
TRACT_01310,2.137197,TRACT_01310
TRACT_01311,3.466531,TRACT_01311
TRACT_01312,1.834833,TRACT_01312
TRACT_01313,2.599184,TRACT_01313
TRACT_01314,1.397704,TRACT_01314
TRACT_01315,1.913547,TRACT_01315
TRACT_01316,2.598182,TRACT_01316
TRACT_01317,3.324403,TRACT_01317
TRACT_01318,1.25544,TRACT_01318
TRACT_01319,2.480682,TRACT_01319
TRACT_01320,3.742171,TRACT_01320
TRACT_01321,2.030042,TRACT_01321
TRACT_01322,2.09402,TRACT_01322
TRACT_01323,1.859188,TRACT_01323
TRACT_01324,2.118368,TRACT_01324
TRACT_01325,1.708764,TRACT_01325
TRACT_01326,2.075687,TRACT_01326
TRACT_01327,2.285209,TRACT_01327
TRACT_01328,3.212064,TRACT_01328
TRACT_01329,2.562606,TRACT_01329
TRACT_01330,2.300861,TRACT_01330
TRACT_01331,1.977744,TRACT_01331
TRACT_01332,2.244367,TRACT_01332
TRACT_01333,3.306818,TRACT_01333
TRACT_01334,4.785468,TRACT_01334
TRACT_01335,4.633307,TRACT_01335
TRACT_01336,2.676235,TRACT_01336
TRACT_01337,4.07186,TRACT_01337
TRACT_01338,1.909319,TRACT_01338
TRACT_01339,3.501326,TRACT_01339
TRACT_01340,3.225279,TRACT_01340
TRACT_01341,4.08596,TRACT_01341
TRACT_01342,3.042969,TRACT_01342
TRACT_01343,3.532806,TRACT_01343
TRACT_01344,1.572192,TRACT_01344
TRACT_01345,3.833151,TRACT_01345
TRACT_01346,1.016977,TRACT_01346
TRACT_01347,2.594843,TRACT_01347
TRACT_01348,4.244158,TRACT_01348
TRACT_01349,5.567644,TRACT_01349
TRACT_01350,2.87355,TRACT_01350
TRACT_01351,2.979942,TRACT_01351
TRACT_01352,1.68722,TRACT_01352
TRACT_01353,2.193685,TRACT_01353
TRACT_01354,3.194772,TRACT_01354
TRACT_01355,6.067933,TRACT_01355
TRACT_01356,3.439423,TRACT_01356
TRACT_01357,2.831717,TRACT_01357
TRACT_01358,1.926597,TRACT_01358
TRACT_01359,1.70142,TRACT_01359
TRACT_01360,5.963215,TRACT_01360
TRACT_01361,3.401863,TRACT_01361
TRACT_01362,7.220442,TRACT_01362
TRACT_01363,4.364824,TRACT_01363
TRACT_01364,2.599931,TRACT_01364
TRACT_01365,3.165435,TRACT_01365
TRACT_01366,1.787551,TRACT_01366
TRACT_01367,1.129435,TRACT_01367
TRACT_01368,7.193918,TRACT_01368
TRACT_01369,7.947312,TRACT_01369
TRACT_01370,2.389701,TRACT_01370
TRACT_01371,2.669436,TRACT_01371
TRACT_01372,6.725981,TRACT_01372
TRACT_01373,1.543268,TRACT_01373
TRACT_01374,1.216126,TRACT_01374
TRACT_01375,2.727662,TRACT_01375
TRACT_01376,1.649073,TRACT_01376
TRACT_01377,1.566891,TRACT_01377
TRACT_01378,5.124145,TRACT_01378
TRACT_01379,3.714631,TRACT_01379
TRACT_01380,4.405579,TRACT_01380
TRACT_01381,2.500458,TRACT_01381
TRACT_01382,0.401695,TRACT_01382
TRACT_01383,4.375055,TRACT_01383
TRACT_01384,0.606356,TRACT_01384
TRACT_01385,2.427912,TRACT_01385
TRACT_01386,0.976181,TRACT_01386
TRACT_01387,0.750705,TRACT_01387
TRACT_01388,4.458838,TRACT_01388
TRACT_01389,1.594956,TRACT_01389
TRACT_01390,0.699127,TRACT_01390
TRACT_01391,6.089326,TRACT_01391
TRACT_01392,0.720007,TRACT_01392
TRACT_01393,3.241868,TRACT_01393
TRACT_01394,2.177331,TRACT_01394
TRACT_01395,6.219318,TRACT_01395
TRACT_01396,2.601181,TRACT_01396
TRACT_01397,2.635487,TRACT_01397
TRACT_01398,1.016213,TRACT_01398
TRACT_01399,5.606663,TRACT_01399
TRACT_01400,0.645757,TRACT_01400
TRACT_01401,2.984778,TRACT_01401
TRACT_01402,0.736867,TRACT_01402
TRACT_01403,5.636042,TRACT_01403
TRACT_01404,1.481381,TRACT_01404
TRACT_01405,5.825027,TRACT_01405
TRACT_01406,0.647048,TRACT_01406
TRACT_01407,6.207864,TRACT_01407
TRACT_01408,1.231812,TRACT_01408
TRACT_01409,10.45374,TRACT_01409
TRACT_01410,2.328487,TRACT_01410
TRACT_01411,3.523636,TRACT_01411
TRACT_01412,6.132392,TRACT_01412
TRACT_01413,3.863665,TRACT_01413
TRACT_01414,11.902365,TRACT_01414
TRACT_01415,2.391926,TRACT_01415
TRACT_01416,4.585353,TRACT_01416
TRACT_01417,12.832408,TRACT_01417
TRACT_01418,1.123675,TRACT_01418
TRACT_01419,10.765128,TRACT_01419
TRACT_01420,0.648728,TRACT_01420
TRACT_01421,4.325643,TRACT_01421
TRACT_01422,1.322528,TRACT_01422
TRACT_01423,8.65329,TRACT_01423
TRACT_01424,1.299455,TRACT_01424
TRACT_01425,7.853174,TRACT_01425
TRACT_01426,1.041304,TRACT_01426
TRACT_01427,6.091623,TRACT_01427
TRACT_01428,2.272649,TRACT_01428
TRACT_01429,10.43833,TRACT_01429
TRACT_01430,1.422374,TRACT_01430
TRACT_01431,4.995735,TRACT_01431
TRACT_01432,0.901491,TRACT_01432
TRACT_01433,6.832097,TRACT_01433
TRACT_01434,0.295866,TRACT_01434
TRACT_01435,7.396742,TRACT_01435
TRACT_01436,7.106381,TRACT_01436
TRACT_01437,1.025376,TRACT_01437
TRACT_01438,7.649857,TRACT_01438
TRACT_01439,0.596211,TRACT_01439
TRACT_01440,8.947616,TRACT_01440
TRACT_01441,1.137014,TRACT_01441
TRACT_01442,6.494402,TRACT_01442
TRACT_01443,1.320208,TRACT_01443
TRACT_01444,9.273227,TRACT_01444
TRACT_01445,1.484742,TRACT_01445
TRACT_01446,8.707749,TRACT_01446
TRACT_01447,1.46005,TRACT_01447
TRACT_01448,11.146153,TRACT_01448
TRACT_01449,6.704333,TRACT_01449
TRACT_01450,1.242478,TRACT_01450
TRACT_01451,7.259391,TRACT_01451
TRACT_01452,1.327885,TRACT_01452
TRACT_01453,0.547936,TRACT_01453
TRACT_01454,16.279549,TRACT_01454
TRACT_01455,8.266258,TRACT_01455
TRACT_01456,5.997182,TRACT_01456
TRACT_01457,7.457551,TRACT_01457
TRACT_01458,1.245956,TRACT_01458
TRACT_01459,11.130385,TRACT_01459
TRACT_01460,8.479766,TRACT_01460
TRACT_01461,4.869735,TRACT_01461
TRACT_01462,11.508833,TRACT_01462
TRACT_01463,11.754633,TRACT_01463
TRACT_01464,4.117287,TRACT_01464
TRACT_01465,3.742205,TRACT_01465
TRACT_01466,13.927749,TRACT_01466
TRACT_01467,1.64846,TRACT_01467
TRACT_01468,2.062365,TRACT_01468
TRACT_01469,6.040268,TRACT_01469
TRACT_01470,4.270073,TRACT_01470
TRACT_01471,8.488887,TRACT_01471
TRACT_01472,20.341457,TRACT_01472
TRACT_01473,5.327632,TRACT_01473
TRACT_01474,6.718674,TRACT_01474
TRACT_01475,10.263441,TRACT_01475
TRACT_01476,20.490122,TRACT_01476
TRACT_01477,11.090156,TRACT_01477
TRACT_01478,8.440089,TRACT_01478
TRACT_01479,18.128178,TRACT_01479
TRACT_01480,22.408291,TRACT_01480
TRACT_01481,6.620871,TRACT_01481
TRACT_01482,16.673196,TRACT_01482
TRACT_01483,1.590335,TRACT_01483
TRACT_01484,1.836746,TRACT_01484
TRACT_01485,10.820932,TRACT_01485
TRACT_01486,15.351839,TRACT_01486
TRACT_01487,2.300068,TRACT_01487
TRACT_01488,7.341998,TRACT_01488
TRACT_01489,7.376918,TRACT_01489
TRACT_01490,4.977329,TRACT_01490
TRACT_01491,19.801914,TRACT_01491
TRACT_01492,1.243462,TRACT_01492
TRACT_01493,1.127683,TRACT_01493
TRACT_01494,0.922099,TRACT_01494
TRACT_01495,0.666275,TRACT_01495
TRACT_01496,0.630436,TRACT_01496
TRACT_01497,0.826443,TRACT_01497
TRACT_01498,3.349091,TRACT_01498
TRACT_01499,8.441776,TRACT_01499
TRACT_01500,2.860385,TRACT_01500
TRACT_01501,1.168345,TRACT_01501
TRACT_01502,1.415116,TRACT_01502
TRACT_01503,1.450412,TRACT_01503
TRACT_01504,1.695151,TRACT_01504
TRACT_01505,1.948153,TRACT_01505
TRACT_01506,6.971592,TRACT_01506
TRACT_01507,3.423574,TRACT_01507
TRACT_01508,1.542858,TRACT_01508
TRACT_01509,1.16577,TRACT_01509
TRACT_01510,2.355953,TRACT_01510
TRACT_01511,3.147436,TRACT_01511
TRACT_01512,2.688995,TRACT_01512
TRACT_01513,0.630091,TRACT_01513
TRACT_01514,3.026272,TRACT_01514
TRACT_01515,3.024185,TRACT_01515
TRACT_01516,4.559384,TRACT_01516
TRACT_01517,2.291454,TRACT_01517
TRACT_01518,1.543802,TRACT_01518
TRACT_01519,1.795282,TRACT_01519
TRACT_01520,2.256806,TRACT_01520
TRACT_01521,1.443277,TRACT_01521
TRACT_01522,3.995663,TRACT_01522
TRACT_01523,2.355855,TRACT_01523
TRACT_01524,1.085082,TRACT_01524
TRACT_01525,0.975576,TRACT_01525
TRACT_01526,2.791157,TRACT_01526
TRACT_01527,1.583045,TRACT_01527
TRACT_01528,1.156802,TRACT_01528
TRACT_01529,1.53455,TRACT_01529
TRACT_01530,2.654711,TRACT_01530
TRACT_01531,0.747495,TRACT_01531
TRACT_01532,0.274012,TRACT_01532
TRACT_01533,0.590614,TRACT_01533
TRACT_01534,1.279148,TRACT_01534
TRACT_01535,2.793091,TRACT_01535
TRACT_01536,2.057251,TRACT_01536
TRACT_01537,2.17832,TRACT_01537
TRACT_01538,2.400755,TRACT_01538
TRACT_01539,3.370906,TRACT_01539
TRACT_01540,1.26955,TRACT_01540
TRACT_01541,1.934092,TRACT_01541
TRACT_01542,1.828761,TRACT_01542
TRACT_01543,1.259819,TRACT_01543
TRACT_01544,2.081396,TRACT_01544
TRACT_01545,1.794019,TRACT_01545
TRACT_01546,0.909878,TRACT_01546
TRACT_01547,0.777617,TRACT_01547
TRACT_01548,1.58468,TRACT_01548
TRACT_01549,2.189091,TRACT_01549
TRACT_01550,2.736993,TRACT_01550
TRACT_01551,2.636595,TRACT_01551
TRACT_01552,1.842549,TRACT_01552
TRACT_01553,2.626974,TRACT_01553
TRACT_01554,4.167704,TRACT_01554
TRACT_01555,0.655397,TRACT_01555
TRACT_01556,1.13369,TRACT_01556
TRACT_01557,0.611895,TRACT_01557
TRACT_01558,2.791401,TRACT_01558
TRACT_01559,0.641519,TRACT_01559
TRACT_01560,0.898023,TRACT_01560
TRACT_01561,3.08787,TRACT_01561
TRACT_01562,1.534285,TRACT_01562
TRACT_01563,1.841837,TRACT_01563
TRACT_01564,0.953111,TRACT_01564
TRACT_01565,2.367329,TRACT_01565
TRACT_01566,1.049879,TRACT_01566
TRACT_01567,2.215962,TRACT_01567
TRACT_01568,1.055819,TRACT_01568
TRACT_01569,7.599001,TRACT_01569
TRACT_01570,1.072263,TRACT_01570
TRACT_01571,5.269625,TRACT_01571
TRACT_01572,0.843295,TRACT_01572
TRACT_01573,3.244614,TRACT_01573
TRACT_01574,0.705474,TRACT_01574
TRACT_01575,4.004076,TRACT_01575
TRACT_01576,0.829892,TRACT_01576
TRACT_01577,1.573514,TRACT_01577
TRACT_01578,0.947927,TRACT_01578
TRACT_01579,0.651253,TRACT_01579
TRACT_01580,4.00861,TRACT_01580
TRACT_01581,1.738756,TRACT_01581
TRACT_01582,1.420037,TRACT_01582
TRACT_01583,1.259691,TRACT_01583
TRACT_01584,5.493368,TRACT_01584
TRACT_01585,0.479154,TRACT_01585
TRACT_01586,2.670827,TRACT_01586
TRACT_01587,0.819623,TRACT_01587
TRACT_01588,1.234367,TRACT_01588
TRACT_01589,1.068979,TRACT_01589
TRACT_01590,1.468419,TRACT_01590
TRACT_01591,0.714063,TRACT_01591
TRACT_01592,2.908192,TRACT_01592
TRACT_01593,0.890406,TRACT_01593
TRACT_01594,2.862264,TRACT_01594
TRACT_01595,1.408855,TRACT_01595
TRACT_01596,1.361601,TRACT_01596
TRACT_01597,2.518197,TRACT_01597
TRACT_01598,2.87445,TRACT_01598
TRACT_01599,1.830566,TRACT_01599
TRACT_01600,6.831423,TRACT_01600
TRACT_01601,1.742657,TRACT_01601
TRACT_01602,3.963598,TRACT_01602
TRACT_01603,2.037214,TRACT_01603
TRACT_01604,3.114114,TRACT_01604
TRACT_01605,2.725109,TRACT_01605
TRACT_01606,4.119365,TRACT_01606
TRACT_01607,1.418668,TRACT_01607
TRACT_01608,1.527399,TRACT_01608
TRACT_01609,1.11255,TRACT_01609
TRACT_01610,1.755219,TRACT_01610
TRACT_01611,2.973333,TRACT_01611
TRACT_01612,1.280013,TRACT_01612
TRACT_01613,1.091075,TRACT_01613
TRACT_01614,1.441601,TRACT_01614
TRACT_01615,0.761147,TRACT_01615
TRACT_01616,2.241132,TRACT_01616
TRACT_01617,1.537185,TRACT_01617
TRACT_01618,2.157194,TRACT_01618
TRACT_01619,0.88495,TRACT_01619
TRACT_01620,1.869865,TRACT_01620
TRACT_01621,0.538552,TRACT_01621
TRACT_01622,0.975536,TRACT_01622
TRACT_01623,1.491858,TRACT_01623
TRACT_01624,0.800703,TRACT_01624
TRACT_01625,1.099588,TRACT_01625
TRACT_01626,1.155418,TRACT_01626
TRACT_01627,1.530496,TRACT_01627
TRACT_01628,0.813565,TRACT_01628
TRACT_01629,1.159453,TRACT_01629
TRACT_01630,1.235072,TRACT_01630
TRACT_01631,4.185399,TRACT_01631
TRACT_01632,0.978501,TRACT_01632
TRACT_01633,3.847474,TRACT_01633
TRACT_01634,2.326746,TRACT_01634
TRACT_01635,1.287201,TRACT_01635
TRACT_01636,1.103837,TRACT_01636
TRACT_01637,1.019511,TRACT_01637
TRACT_01638,1.047705,TRACT_01638
TRACT_01639,2.619067,TRACT_01639
TRACT_01640,3.108247,TRACT_01640
TRACT_01641,1.426496,TRACT_01641
TRACT_01642,1.899688,TRACT_01642
TRACT_01643,1.886711,TRACT_01643
TRACT_01644,1.685533,TRACT_01644
TRACT_01645,3.011426,TRACT_01645
TRACT_01646,1.026565,TRACT_01646
TRACT_01647,1.193234,TRACT_01647
TRACT_01648,3.407232,TRACT_01648
TRACT_01649,2.853464,TRACT_01649
TRACT_01650,1.422945,TRACT_01650
TRACT_01651,2.955812,TRACT_01651
TRACT_01652,1.105858,TRACT_01652
TRACT_01653,2.945532,TRACT_01653
TRACT_01654,0.962334,TRACT_01654
TRACT_01655,0.955517,TRACT_01655
TRACT_01656,0.888645,TRACT_01656
TRACT_01657,1.177036,TRACT_01657
TRACT_01658,1.280695,TRACT_01658
TRACT_01659,4.393591,TRACT_01659
TRACT_01660,2.969602,TRACT_01660
TRACT_01661,4.826098,TRACT_01661
TRACT_01662,2.078674,TRACT_01662
TRACT_01663,1.169469,TRACT_01663
TRACT_01664,5.446144,TRACT_01664
TRACT_01665,0.909303,TRACT_01665
TRACT_01666,2.193643,TRACT_01666
TRACT_01667,1.382951,TRACT_01667
TRACT_01668,4.180129,TRACT_01668
TRACT_01669,7.790621,TRACT_01669
TRACT_01670,1.40458,TRACT_01670
TRACT_01671,3.583688,TRACT_01671
TRACT_01672,1.861343,TRACT_01672
TRACT_01673,4.979118,TRACT_01673
TRACT_01674,2.800567,TRACT_01674
TRACT_01675,4.409529,TRACT_01675
TRACT_01676,2.724148,TRACT_01676
TRACT_01677,5.845298,TRACT_01677
TRACT_01678,2.708091,TRACT_01678
TRACT_01679,2.203647,TRACT_01679
TRACT_01680,6.326899,TRACT_01680
TRACT_01681,2.231669,TRACT_01681
TRACT_01682,1.902852,TRACT_01682
TRACT_01683,4.109436,TRACT_01683
TRACT_01684,5.68896,TRACT_01684
TRACT_01685,2.842808,TRACT_01685
TRACT_01686,3.873606,TRACT_01686
TRACT_01687,3.829529,TRACT_01687
TRACT_01688,4.328937,TRACT_01688
TRACT_01689,4.520663,TRACT_01689
TRACT_01690,3.018407,TRACT_01690
TRACT_01691,1.319844,TRACT_01691
TRACT_01692,1.164817,TRACT_01692
TRACT_01693,3.462393,TRACT_01693
TRACT_01694,3.520955,TRACT_01694
TRACT_01695,1.118319,TRACT_01695
TRACT_01696,2.415548,TRACT_01696
TRACT_01697,1.238006,TRACT_01697
TRACT_01698,3.543231,TRACT_01698
TRACT_01699,1.328783,TRACT_01699
TRACT_01700,2.32449,TRACT_01700
TRACT_01701,1.24684,TRACT_01701
TRACT_01702,3.350944,TRACT_01702
TRACT_01703,4.217998,TRACT_01703
TRACT_01704,0.496569,TRACT_01704
TRACT_01705,2.16521,TRACT_01705
TRACT_01706,0.95561,TRACT_01706
TRACT_01707,3.137995,TRACT_01707
TRACT_01708,1.387809,TRACT_01708
TRACT_01709,3.205475,TRACT_01709
TRACT_01710,1.59053,TRACT_01710
TRACT_01711,0.931367,TRACT_01711
TRACT_01712,1.669551,TRACT_01712
TRACT_01713,1.111147,TRACT_01713
TRACT_01714,1.158363,TRACT_01714
TRACT_01715,1.153281,TRACT_01715
TRACT_01716,1.090817,TRACT_01716
TRACT_01717,1.242653,TRACT_01717
TRACT_01718,1.11619,TRACT_01718
TRACT_01719,0.53365,TRACT_01719
TRACT_01720,0.930231,TRACT_01720
TRACT_01721,0.681604,TRACT_01721
TRACT_01722,1.018573,TRACT_01722
TRACT_01723,0.695906,TRACT_01723
TRACT_01724,1.105464,TRACT_01724
TRACT_01725,0.321197,TRACT_01725
TRACT_01726,1.599639,TRACT_01726
TRACT_01727,2.18366,TRACT_01727
TRACT_01728,0.842871,TRACT_01728
TRACT_01729,0.92775,TRACT_01729
TRACT_01730,0.998907,TRACT_01730
TRACT_01731,2.823022,TRACT_01731
TRACT_01732,3.003425,TRACT_01732
TRACT_01733,1.492961,TRACT_01733
TRACT_01734,0.471957,TRACT_01734
TRACT_01735,1.898808,TRACT_01735
TRACT_01736,2.511292,TRACT_01736
TRACT_01737,2.846193,TRACT_01737
TRACT_01738,0.983439,TRACT_01738
TRACT_01739,3.004052,TRACT_01739
TRACT_01740,1.283718,TRACT_01740
TRACT_01741,1.032035,TRACT_01741
TRACT_01742,1.818453,TRACT_01742
TRACT_01743,2.568564,TRACT_01743
TRACT_01744,0.56372,TRACT_01744
TRACT_01745,4.108564,TRACT_01745
TRACT_01746,0.961575,TRACT_01746
TRACT_01747,1.768097,TRACT_01747
TRACT_01748,0.82908,TRACT_01748
TRACT_01749,2.419059,TRACT_01749
TRACT_01750,0.546172,TRACT_01750
TRACT_01751,0.288925,TRACT_01751
TRACT_01752,0.541357,TRACT_01752
TRACT_01753,0.494148,TRACT_01753
TRACT_01754,3.914483,TRACT_01754
TRACT_01755,3.432311,TRACT_01755
TRACT_01756,3.078186,TRACT_01756
TRACT_01757,3.653247,TRACT_01757
TRACT_01758,1.190172,TRACT_01758
TRACT_01759,2.727798,TRACT_01759
TRACT_01760,4.265144,TRACT_01760
TRACT_01761,1.007921,TRACT_01761
TRACT_01762,2.081452,TRACT_01762
TRACT_01763,2.598962,TRACT_01763
TRACT_01764,2.236333,TRACT_01764
TRACT_01765,1.595141,TRACT_01765
TRACT_01766,1.909967,TRACT_01766
TRACT_01767,0.825094,TRACT_01767
TRACT_01768,6.575947,TRACT_01768
TRACT_01769,5.512982,TRACT_01769
TRACT_01770,3.775229,TRACT_01770
TRACT_01771,1.020386,TRACT_01771
TRACT_01772,1.039207,TRACT_01772
TRACT_01773,1.174038,TRACT_01773
TRACT_01774,1.39265,TRACT_01774
TRACT_01775,3.391348,TRACT_01775
TRACT_01776,1.801553,TRACT_01776
TRACT_01777,2.789278,TRACT_01777
TRACT_01778,1.362379,TRACT_01778
TRACT_01779,0.717226,TRACT_01779
TRACT_01780,0.799013,TRACT_01780
TRACT_01781,5.029434,TRACT_01781
TRACT_01782,8.397709,TRACT_01782
TRACT_01783,1.086394,TRACT_01783
TRACT_01784,2.630942,TRACT_01784
TRACT_01785,2.383596,TRACT_01785
TRACT_01786,1.473609,TRACT_01786
TRACT_01787,2.800368,TRACT_01787
TRACT_01788,1.826487,TRACT_01788
TRACT_01789,1.198071,TRACT_01789
TRACT_01790,1.832491,TRACT_01790
TRACT_01791,1.800434,TRACT_01791
TRACT_01792,1.990886,TRACT_01792
TRACT_01793,1.201811,TRACT_01793
TRACT_01794,3.025548,TRACT_01794
TRACT_01795,1.09274,TRACT_01795
TRACT_01796,2.621132,TRACT_01796
TRACT_01797,2.387571,TRACT_01797
TRACT_01798,1.280388,TRACT_01798
TRACT_01799,2.396358,TRACT_01799
TRACT_01800,0.978433,TRACT_01800
TRACT_01801,0.981777,TRACT_01801
TRACT_01802,1.7585,TRACT_01802
TRACT_01803,0.534171,TRACT_01803
TRACT_01804,0.66457,TRACT_01804
TRACT_01805,2.051515,TRACT_01805
TRACT_01806,1.938111,TRACT_01806
TRACT_01807,3.170657,TRACT_01807
TRACT_01808,1.793288,TRACT_01808
TRACT_01809,2.510666,TRACT_01809
TRACT_01810,1.710373,TRACT_01810
TRACT_01811,1.725852,TRACT_01811
TRACT_01812,1.099066,TRACT_01812
TRACT_01813,4.385808,TRACT_01813
TRACT_01814,7.236706,TRACT_01814
TRACT_01815,3.476097,TRACT_01815
TRACT_01816,2.752146,TRACT_01816
TRACT_01817,6.42909,TRACT_01817
TRACT_01818,0.734196,TRACT_01818
TRACT_01819,2.761461,TRACT_01819
TRACT_01820,3.299137,TRACT_01820
TRACT_01821,4.90931,TRACT_01821
TRACT_01822,2.742961,TRACT_01822
TRACT_01823,2.0638,TRACT_01823
TRACT_01824,1.580411,TRACT_01824
TRACT_01825,2.640266,TRACT_01825
TRACT_01826,1.477847,TRACT_01826
TRACT_01827,4.223662,TRACT_01827
TRACT_01828,2.313765,TRACT_01828
TRACT_01829,6.01398,TRACT_01829
TRACT_01830,1.335171,TRACT_01830
TRACT_01831,1.125537,TRACT_01831
TRACT_01832,2.645775,TRACT_01832
TRACT_01833,1.818092,TRACT_01833
TRACT_01834,1.555987,TRACT_01834
TRACT_01835,3.434872,TRACT_01835
TRACT_01836,5.897938,TRACT_01836
TRACT_01837,2.705211,TRACT_01837
TRACT_01838,4.694865,TRACT_01838
TRACT_01839,2.969896,TRACT_01839
TRACT_01840,9.395878,TRACT_01840
TRACT_01841,5.360806,TRACT_01841
TRACT_01842,4.9581,TRACT_01842
TRACT_01843,3.115036,TRACT_01843
TRACT_01844,4.567458,TRACT_01844
TRACT_01845,2.802208,TRACT_01845
TRACT_01846,5.961389,TRACT_01846
TRACT_01847,5.520032,TRACT_01847
TRACT_01848,1.478408,TRACT_01848
TRACT_01849,2.34705,TRACT_01849
TRACT_01850,3.718818,TRACT_01850
TRACT_01851,6.933392,TRACT_01851
TRACT_01852,2.957613,TRACT_01852
TRACT_01853,5.585176,TRACT_01853
TRACT_01854,1.57533,TRACT_01854
TRACT_01855,1.641348,TRACT_01855
TRACT_01856,0.90544,TRACT_01856
TRACT_01857,4.58323,TRACT_01857
TRACT_01858,6.689694,TRACT_01858
TRACT_01859,1.033308,TRACT_01859
TRACT_01860,2.260621,TRACT_01860
TRACT_01861,1.390461,TRACT_01861
TRACT_01862,1.630416,TRACT_01862
TRACT_01863,5.167651,TRACT_01863
TRACT_01864,1.027069,TRACT_01864
TRACT_01865,3.036407,TRACT_01865
TRACT_01866,0.796179,TRACT_01866
TRACT_01867,0.977033,TRACT_01867
TRACT_01868,4.184224,TRACT_01868
TRACT_01869,0.906956,TRACT_01869
TRACT_01870,6.122172,TRACT_01870
TRACT_01871,7.492563,TRACT_01871
TRACT_01872,0.827692,TRACT_01872
TRACT_01873,4.316619,TRACT_01873
TRACT_01874,0.651783,TRACT_01874
TRACT_01875,0.66578,TRACT_01875
TRACT_01876,5.347875,TRACT_01876
TRACT_01877,0.732189,TRACT_01877
TRACT_01878,0.791886,TRACT_01878
TRACT_01879,6.014851,TRACT_01879
TRACT_01880,0.857368,TRACT_01880
TRACT_01881,0.750732,TRACT_01881
TRACT_01882,0.5615,TRACT_01882
TRACT_01883,2.574785,TRACT_01883
TRACT_01884,0.896236,TRACT_01884
TRACT_01885,1.566018,TRACT_01885
TRACT_01886,3.587002,TRACT_01886
TRACT_01887,2.95737,TRACT_01887
TRACT_01888,0.687733,TRACT_01888
TRACT_01889,1.047282,TRACT_01889
TRACT_01890,4.774948,TRACT_01890
TRACT_01891,6.095875,TRACT_01891
TRACT_01892,0.64796,TRACT_01892
TRACT_01893,1.018554,TRACT_01893
TRACT_01894,3.366064,TRACT_01894
TRACT_01895,1.92711,TRACT_01895
TRACT_01896,3.474991,TRACT_01896
TRACT_01897,2.281302,TRACT_01897
TRACT_01898,1.979489,TRACT_01898
TRACT_01899,9.194947,TRACT_01899
TRACT_01900,1.552377,TRACT_01900
TRACT_01901,1.540096,TRACT_01901
TRACT_01902,0.973405,TRACT_01902
TRACT_01903,2.086286,TRACT_01903
TRACT_01904,1.4721,TRACT_01904
TRACT_01905,0.85172,TRACT_01905
TRACT_01906,1.521835,TRACT_01906
TRACT_01907,0.846759,TRACT_01907
TRACT_01908,4.268204,TRACT_01908
TRACT_01909,0.665042,TRACT_01909
TRACT_01910,0.708929,TRACT_01910
TRACT_01911,3.641203,TRACT_01911
TRACT_01912,1.022346,TRACT_01912
TRACT_01913,4.159817,TRACT_01913
TRACT_01914,1.337833,TRACT_01914
TRACT_01915,2.839957,TRACT_01915
TRACT_01916,0.701334,TRACT_01916
TRACT_01917,0.790929,TRACT_01917
TRACT_01918,2.415929,TRACT_01918
TRACT_01919,1.281638,TRACT_01919
TRACT_01920,1.101163,TRACT_01920
TRACT_01921,2.616846,TRACT_01921
TRACT_01922,3.047593,TRACT_01922
TRACT_01923,3.231458,TRACT_01923
TRACT_01924,0.788394,TRACT_01924
TRACT_01925,2.965258,TRACT_01925
TRACT_01926,0.44523,TRACT_01926
TRACT_01927,2.515752,TRACT_01927
TRACT_01928,0.801,TRACT_01928
TRACT_01929,3.027706,TRACT_01929
TRACT_01930,5.475736,TRACT_01930
TRACT_01931,0.937596,TRACT_01931
TRACT_01932,1.346073,TRACT_01932
TRACT_01933,3.451821,TRACT_01933
TRACT_01934,0.682314,TRACT_01934
TRACT_01935,2.12612,TRACT_01935
TRACT_01936,4.265262,TRACT_01936
TRACT_01937,0.858624,TRACT_01937
TRACT_01938,4.736362,TRACT_01938
TRACT_01939,1.139389,TRACT_01939
TRACT_01940,1.058706,TRACT_01940
TRACT_01941,0.758556,TRACT_01941
TRACT_01942,2.399279,TRACT_01942
TRACT_01943,2.54869,TRACT_01943
TRACT_01944,1.095548,TRACT_01944
TRACT_01945,1.515151,TRACT_01945
TRACT_01946,1.468934,TRACT_01946
TRACT_01947,1.247587,TRACT_01947
TRACT_01948,2.636473,TRACT_01948
TRACT_01949,0.888354,TRACT_01949
TRACT_01950,2.02929,TRACT_01950
TRACT_01951,0.891175,TRACT_01951
TRACT_01952,2.592304,TRACT_01952
TRACT_01953,0.803039,TRACT_01953
TRACT_01954,1.784817,TRACT_01954
TRACT_01955,1.213329,TRACT_01955
TRACT_01956,1.148477,TRACT_01956
TRACT_01957,2.589074,TRACT_01957
TRACT_01958,0.884955,TRACT_01958
TRACT_01959,0.970504,TRACT_01959
TRACT_01960,2.503047,TRACT_01960
TRACT_01961,2.087098,TRACT_01961
TRACT_01962,3.65626,TRACT_01962
TRACT_01963,2.814953,TRACT_01963
TRACT_01964,1.01516,TRACT_01964
TRACT_01965,5.648824,TRACT_01965
TRACT_01966,9.009931,TRACT_01966
TRACT_01967,6.089996,TRACT_01967
TRACT_01968,2.712534,TRACT_01968
TRACT_01969,0.895236,TRACT_01969
TRACT_01970,0.992283,TRACT_01970
TRACT_01971,1.128924,TRACT_01971
TRACT_01972,1.22627,TRACT_01972
TRACT_01973,2.079136,TRACT_01973
TRACT_01974,0.665139,TRACT_01974
TRACT_01975,4.103337,TRACT_01975
TRACT_01976,2.509455,TRACT_01976
TRACT_01977,2.496659,TRACT_01977
TRACT_01978,0.63334,TRACT_01978
TRACT_01979,1.065094,TRACT_01979
TRACT_01980,2.6076,TRACT_01980
TRACT_01981,1.391835,TRACT_01981
TRACT_01982,0.485901,TRACT_01982
TRACT_01983,0.257835,TRACT_01983
TRACT_01984,0.25289,TRACT_01984
TRACT_01985,0.706775,TRACT_01985
TRACT_01986,1.396083,TRACT_01986
TRACT_01987,1.829086,TRACT_01987
TRACT_01988,1.285895,TRACT_01988
TRACT_01989,1.220487,TRACT_01989
TRACT_01990,2.326677,TRACT_01990
TRACT_01991,2.281031,TRACT_01991
TRACT_01992,1.171489,TRACT_01992
TRACT_01993,1.732022,TRACT_01993
TRACT_01994,1.94822,TRACT_01994
TRACT_01995,4.731535,TRACT_01995
TRACT_01996,0.508794,TRACT_01996
TRACT_01997,5.841335,TRACT_01997
TRACT_01998,0.559571,TRACT_01998
TRACT_01999,2.891462,TRACT_01999
TRACT_02000,3.927917,TRACT_02000
TRACT_02001,1.933232,TRACT_02001
TRACT_02002,2.571561,TRACT_02002
TRACT_02003,1.961006,TRACT_02003
TRACT_02004,2.912613,TRACT_02004
TRACT_02005,2.290524,TRACT_02005
TRACT_02006,5.156838,TRACT_02006
TRACT_02007,4.479348,TRACT_02007
TRACT_02008,4.539992,TRACT_02008
TRACT_02009,3.056611,TRACT_02009
TRACT_02010,0.845092,TRACT_02010
TRACT_02011,4.9768,TRACT_02011
TRACT_02012,1.453918,TRACT_02012
TRACT_02013,4.023062,TRACT_02013
TRACT_02014,4.485492,TRACT_02014
TRACT_02015,1.79947,TRACT_02015
TRACT_02016,2.478875,TRACT_02016
TRACT_02017,2.274703,TRACT_02017
TRACT_02018,1.994858,TRACT_02018
TRACT_02019,2.462341,TRACT_02019
TRACT_02020,3.344765,TRACT_02020
TRACT_02021,3.193517,TRACT_02021
TRACT_02022,2.780255,TRACT_02022
TRACT_02023,3.626467,TRACT_02023
TRACT_02024,3.464047,TRACT_02024
TRACT_02025,5.859876,TRACT_02025
TRACT_02026,3.195921,TRACT_02026
TRACT_02027,3.037293,TRACT_02027
TRACT_02028,4.639631,TRACT_02028
TRACT_02029,3.844739,TRACT_02029
TRACT_02030,4.286988,TRACT_02030
TRACT_02031,3.962572,TRACT_02031
TRACT_02032,4.491381,TRACT_02032
TRACT_02033,4.030866,TRACT_02033
TRACT_02034,3.765349,TRACT_02034
TRACT_02035,1.369502,TRACT_02035
TRACT_02036,0.974934,TRACT_02036
TRACT_02037,0.834827,TRACT_02037
TRACT_02038,1.132598,TRACT_02038
TRACT_02039,1.134757,TRACT_02039
TRACT_02040,1.174127,TRACT_02040
TRACT_02041,2.624268,TRACT_02041
TRACT_02042,4.761257,TRACT_02042
TRACT_02043,3.886008,TRACT_02043
TRACT_02044,4.20971,TRACT_02044
TRACT_02045,4.134296,TRACT_02045
TRACT_02046,2.666467,TRACT_02046
TRACT_02047,2.989952,TRACT_02047
TRACT_02048,1.554474,TRACT_02048
TRACT_02049,1.43761,TRACT_02049
TRACT_02050,2.952659,TRACT_02050
TRACT_02051,1.168587,TRACT_02051
TRACT_02052,1.105582,TRACT_02052
TRACT_02053,2.677873,TRACT_02053
TRACT_02054,1.169972,TRACT_02054
TRACT_02055,1.431485,TRACT_02055
TRACT_02056,2.400555,TRACT_02056
TRACT_02057,2.896017,TRACT_02057
TRACT_02058,2.636568,TRACT_02058
TRACT_02059,1.749581,TRACT_02059
TRACT_02060,2.085299,TRACT_02060
TRACT_02061,2.710894,TRACT_02061
TRACT_02062,2.734553,TRACT_02062
TRACT_02063,1.842719,TRACT_02063
TRACT_02064,1.095483,TRACT_02064
TRACT_02065,2.387252,TRACT_02065
TRACT_02066,2.376802,TRACT_02066
TRACT_02067,2.214705,TRACT_02067
TRACT_02068,0.616433,TRACT_02068
TRACT_02069,1.328428,TRACT_02069
TRACT_02070,4.337913,TRACT_02070
TRACT_02071,0.338469,TRACT_02071
TRACT_02072,0.349594,TRACT_02072
TRACT_02073,2.344131,TRACT_02073
TRACT_02074,0.952266,TRACT_02074
TRACT_02075,0.549371,TRACT_02075
TRACT_02076,1.248233,TRACT_02076
TRACT_02077,0.92151,TRACT_02077
TRACT_02078,4.519555,TRACT_02078
TRACT_02079,0.364733,TRACT_02079
TRACT_02080,3.263318,TRACT_02080
TRACT_02081,0.363085,TRACT_02081
TRACT_02082,3.569552,TRACT_02082
TRACT_02083,0.309372,TRACT_02083
TRACT_02084,0.471978,TRACT_02084
TRACT_02085,1.010571,TRACT_02085
TRACT_02086,3.362976,TRACT_02086
TRACT_02087,1.82641,TRACT_02087
TRACT_02088,1.827061,TRACT_02088
TRACT_02089,0.948272,TRACT_02089
TRACT_02090,3.073349,TRACT_02090
TRACT_02091,4.84799,TRACT_02091
TRACT_02092,1.159098,TRACT_02092
TRACT_02093,1.326124,TRACT_02093
TRACT_02094,2.068604,TRACT_02094
TRACT_02095,1.81652,TRACT_02095
TRACT_02096,0.448403,TRACT_02096
TRACT_02097,0.452061,TRACT_02097
TRACT_02098,1.606222,TRACT_02098
TRACT_02099,3.141286,TRACT_02099
TRACT_02100,3.983621,TRACT_02100
TRACT_02101,3.870976,TRACT_02101
TRACT_02102,2.812545,TRACT_02102
TRACT_02103,2.291941,TRACT_02103
TRACT_02104,4.071555,TRACT_02104
TRACT_02105,4.15294,TRACT_02105
TRACT_02106,3.539309,TRACT_02106
TRACT_02107,1.893246,TRACT_02107
TRACT_02108,2.151543,TRACT_02108
TRACT_02109,0.871787,TRACT_02109
TRACT_02110,3.900009,TRACT_02110
TRACT_02111,1.079372,TRACT_02111
TRACT_02112,2.277038,TRACT_02112
TRACT_02113,1.510436,TRACT_02113
TRACT_02114,1.199775,TRACT_02114
TRACT_02115,1.572697,TRACT_02115
TRACT_02116,1.311181,TRACT_02116
TRACT_02117,2.2876,TRACT_02117
TRACT_02118,1.376831,TRACT_02118
TRACT_02119,1.969023,TRACT_02119
TRACT_02120,1.381523,TRACT_02120
TRACT_02121,1.239673,TRACT_02121
TRACT_02122,3.599836,TRACT_02122
TRACT_02123,1.940662,TRACT_02123
TRACT_02124,2.760993,TRACT_02124
TRACT_02125,0.645263,TRACT_02125
TRACT_02126,1.523464,TRACT_02126
TRACT_02127,1.864357,TRACT_02127
TRACT_02128,3.532817,TRACT_02128
TRACT_02129,1.776366,TRACT_02129
TRACT_02130,2.193797,TRACT_02130
TRACT_02131,5.228232,TRACT_02131
TRACT_02132,1.354407,TRACT_02132
TRACT_02133,1.473693,TRACT_02133
TRACT_02134,1.747429,TRACT_02134
TRACT_02135,2.550698,TRACT_02135
TRACT_02136,2.777766,TRACT_02136
TRACT_02137,2.951445,TRACT_02137
TRACT_02138,2.609744,TRACT_02138
TRACT_02139,2.950492,TRACT_02139
TRACT_02140,1.988839,TRACT_02140
TRACT_02141,2.671798,TRACT_02141
TRACT_02142,4.260114,TRACT_02142
TRACT_02143,2.581387,TRACT_02143
TRACT_02144,1.202,TRACT_02144
TRACT_02145,2.480869,TRACT_02145
TRACT_02146,2.54196,TRACT_02146
TRACT_02147,4.186823,TRACT_02147
TRACT_02148,0.714673,TRACT_02148
TRACT_02149,1.709829,TRACT_02149
TRACT_02150,3.919535,TRACT_02150
TRACT_02151,4.393869,TRACT_02151
TRACT_02152,3.131787,TRACT_02152
TRACT_02153,1.605342,TRACT_02153
TRACT_02154,2.420131,TRACT_02154
TRACT_02155,2.709663,TRACT_02155
TRACT_02156,2.230097,TRACT_02156
TRACT_02157,2.021925,TRACT_02157
TRACT_02158,2.707137,TRACT_02158
TRACT_02159,1.430663,TRACT_02159
TRACT_02160,2.033663,TRACT_02160
TRACT_02161,4.558552,TRACT_02161
TRACT_02162,4.501989,TRACT_02162
TRACT_02163,2.00448,TRACT_02163
TRACT_02164,2.748087,TRACT_02164
TRACT_02165,3.46087,TRACT_02165
TRACT_02166,1.647403,TRACT_02166
TRACT_02167,1.309464,TRACT_02167
TRACT_02168,2.606118,TRACT_02168
TRACT_02169,1.747966,TRACT_02169
TRACT_02170,3.75085,TRACT_02170
TRACT_02171,3.86367,TRACT_02171
TRACT_02172,4.342768,TRACT_02172
TRACT_02173,4.043785,TRACT_02173
TRACT_02174,3.247996,TRACT_02174
TRACT_02175,4.980636,TRACT_02175
TRACT_02176,3.455477,TRACT_02176
TRACT_02177,4.777002,TRACT_02177
TRACT_02178,1.409028,TRACT_02178
TRACT_02179,2.738661,TRACT_02179
TRACT_02180,1.836946,TRACT_02180
TRACT_02181,2.668128,TRACT_02181
TRACT_02182,2.018782,TRACT_02182
TRACT_02183,2.233074,TRACT_02183
TRACT_02184,4.150925,TRACT_02184
TRACT_02185,4.749868,TRACT_02185
TRACT_02186,6.69431,TRACT_02186
TRACT_02187,2.622851,TRACT_02187
TRACT_02188,2.416548,TRACT_02188
TRACT_02189,1.334294,TRACT_02189
TRACT_02190,1.127853,TRACT_02190
TRACT_02191,2.294423,TRACT_02191
TRACT_02192,1.538095,TRACT_02192
TRACT_02193,1.937563,TRACT_02193
TRACT_02194,2.176001,TRACT_02194
TRACT_02195,1.234962,TRACT_02195
TRACT_02196,1.856478,TRACT_02196
TRACT_02197,1.288346,TRACT_02197
TRACT_02198,0.858901,TRACT_02198
TRACT_02199,2.229379,TRACT_02199
TRACT_02200,2.384512,TRACT_02200
TRACT_02201,2.067133,TRACT_02201
TRACT_02202,4.847581,TRACT_02202
TRACT_02203,6.653538,TRACT_02203
TRACT_02204,5.62858,TRACT_02204
TRACT_02205,5.932443,TRACT_02205
TRACT_02206,7.041547,TRACT_02206
TRACT_02207,4.272423,TRACT_02207
TRACT_02208,7.391979,TRACT_02208
TRACT_02209,6.623921,TRACT_02209
TRACT_02210,1.644551,TRACT_02210
TRACT_02211,3.752866,TRACT_02211
TRACT_02212,1.005769,TRACT_02212
TRACT_02213,0.999535,TRACT_02213
TRACT_02214,0.776203,TRACT_02214
TRACT_02215,1.225521,TRACT_02215
TRACT_02216,1.289263,TRACT_02216
TRACT_02217,0.964272,TRACT_02217
TRACT_02218,0.976822,TRACT_02218
TRACT_02219,8.19979,TRACT_02219
TRACT_02220,4.322903,TRACT_02220
TRACT_02221,11.492485,TRACT_02221
TRACT_02222,4.457677,TRACT_02222
TRACT_02223,9.836432,TRACT_02223
TRACT_02224,8.286545,TRACT_02224
TRACT_02225,13.861916,TRACT_02225
TRACT_02226,7.121866,TRACT_02226
TRACT_02227,5.6842,TRACT_02227
TRACT_02228,5.187181,TRACT_02228
TRACT_02229,6.449603,TRACT_02229
TRACT_02230,5.039316,TRACT_02230
TRACT_02231,6.177349,TRACT_02231
TRACT_02232,21.330283,TRACT_02232
TRACT_02233,4.695972,TRACT_02233
TRACT_02234,10.453815,TRACT_02234
TRACT_02235,5.06426,TRACT_02235
TRACT_02236,3.950747,TRACT_02236
TRACT_02237,3.017955,TRACT_02237
TRACT_02238,2.792587,TRACT_02238
TRACT_02239,15.635771,TRACT_02239
TRACT_02240,3.189361,TRACT_02240
TRACT_02241,6.94957,TRACT_02241
TRACT_02242,7.175866,TRACT_02242
TRACT_02243,6.340356,TRACT_02243
TRACT_02244,7.954392,TRACT_02244
TRACT_02245,1.262746,TRACT_02245
TRACT_02246,1.124389,TRACT_02246
TRACT_02247,4.500419,TRACT_02247
TRACT_02248,12.331791,TRACT_02248
TRACT_02249,8.630355,TRACT_02249
TRACT_02250,11.01089,TRACT_02250
TRACT_02251,5.122254,TRACT_02251
TRACT_02252,2.844782,TRACT_02252
TRACT_02253,3.00207,TRACT_02253
TRACT_02254,3.749968,TRACT_02254
TRACT_02255,6.891252,TRACT_02255
TRACT_02256,0.561647,TRACT_02256
TRACT_02257,0.612051,TRACT_02257
TRACT_02258,0.651092,TRACT_02258
TRACT_02259,2.878933,TRACT_02259
TRACT_02260,3.62243,TRACT_02260
TRACT_02261,7.714831,TRACT_02261
TRACT_02262,2.352875,TRACT_02262
TRACT_02263,6.208533,TRACT_02263
TRACT_02264,0.599512,TRACT_02264
TRACT_02265,0.809714,TRACT_02265
TRACT_02266,0.748497,TRACT_02266
TRACT_02267,2.316897,TRACT_02267
TRACT_02268,4.034958,TRACT_02268
TRACT_02269,3.428884,TRACT_02269
TRACT_02270,5.211905,TRACT_02270
TRACT_02271,2.564516,TRACT_02271
TRACT_02272,2.452475,TRACT_02272
TRACT_02273,2.769359,TRACT_02273
TRACT_02274,3.658117,TRACT_02274
TRACT_02275,1.920706,TRACT_02275
TRACT_02276,2.352015,TRACT_02276
TRACT_02277,2.607977,TRACT_02277
TRACT_02278,3.460406,TRACT_02278
TRACT_02279,2.951804,TRACT_02279
TRACT_02280,6.453443,TRACT_02280
TRACT_02281,4.884135,TRACT_02281
TRACT_02282,1.314762,TRACT_02282
TRACT_02283,2.764603,TRACT_02283
TRACT_02284,4.471969,TRACT_02284
TRACT_02285,2.485713,TRACT_02285
TRACT_02286,6.22719,TRACT_02286
TRACT_02287,2.363918,TRACT_02287
TRACT_02288,3.547873,TRACT_02288
TRACT_02289,3.286502,TRACT_02289
TRACT_02290,2.918299,TRACT_02290
TRACT_02291,3.201363,TRACT_02291
TRACT_02292,4.93731,TRACT_02292
TRACT_02293,4.502569,TRACT_02293
TRACT_02294,4.206837,TRACT_02294
TRACT_02295,4.064078,TRACT_02295
TRACT_02296,8.652732,TRACT_02296
TRACT_02297,3.077474,TRACT_02297
TRACT_02298,12.147716,TRACT_02298
TRACT_02299,10.357901,TRACT_02299
TRACT_02300,9.05861,TRACT_02300
TRACT_02301,7.398594,TRACT_02301
TRACT_02302,7.481296,TRACT_02302
TRACT_02303,6.937344,TRACT_02303
TRACT_02304,4.491805,TRACT_02304
TRACT_02305,5.378285,TRACT_02305
TRACT_02306,4.692296,TRACT_02306
TRACT_02307,2.413277,TRACT_02307
TRACT_02308,3.412233,TRACT_02308
TRACT_02309,4.137478,TRACT_02309
TRACT_02310,2.066436,TRACT_02310
TRACT_02311,4.219931,TRACT_02311
TRACT_02312,3.51377,TRACT_02312
TRACT_02313,4.25341,TRACT_02313
TRACT_02314,3.922914,TRACT_02314
TRACT_02315,2.580935,TRACT_02315
TRACT_02316,3.937746,TRACT_02316
TRACT_02317,3.370725,TRACT_02317
TRACT_02318,4.727982,TRACT_02318
TRACT_02319,8.890561,TRACT_02319
TRACT_02320,7.687082,TRACT_02320
TRACT_02321,1.577899,TRACT_02321
TRACT_02322,2.678856,TRACT_02322
TRACT_02323,3.087756,TRACT_02323
TRACT_02324,2.685951,TRACT_02324
TRACT_02325,1.351598,TRACT_02325
TRACT_02326,4.060063,TRACT_02326
TRACT_02327,1.469628,TRACT_02327
TRACT_02328,3.919444,TRACT_02328
TRACT_02329,6.345436,TRACT_02329
TRACT_02330,3.230326,TRACT_02330
TRACT_02331,4.703623,TRACT_02331
TRACT_02332,4.635998,TRACT_02332
TRACT_02333,3.437291,TRACT_02333
TRACT_02334,7.519399,TRACT_02334
TRACT_02335,1.11048,TRACT_02335
TRACT_02336,1.459501,TRACT_02336
TRACT_02337,1.283291,TRACT_02337
TRACT_02338,2.208126,TRACT_02338
TRACT_02339,1.421743,TRACT_02339
TRACT_02340,2.15917,TRACT_02340
TRACT_02341,1.549538,TRACT_02341
TRACT_02342,2.434941,TRACT_02342
TRACT_02343,2.11396,TRACT_02343
TRACT_02344,0.0,TRACT_02344
TRACT_02345,0.0,TRACT_02345
TRACT_02346,0.0,TRACT_02346
TRACT_02347,0.0,TRACT_02347
TRACT_02348,0.0,TRACT_02348
TRACT_02349,0.0,TRACT_02349
TRACT_02350,0.0,TRACT_02350
TRACT_02351,0.0,TRACT_02351
TRACT_02352,0.0,TRACT_02352
TRACT_02353,0.0,TRACT_02353
TRACT_02354,8.243346,TRACT_02354
TRACT_02355,0.0,TRACT_02355
TRACT_02356,0.0,TRACT_02356
